t_s,dx_m,dy_m,dz_m,gap_m,theta10mm_deg,theta3mm_deg
0.00,0.0000,0.0000,0.0000,0.0300,0.0000,0.0000
0.01,-0.0000,0.0000,0.0000,0.0300,0.0828,0.0246
0.02,-0.0001,0.0000,0.0000,0.0300,0.1650,0.0485
0.03,-0.0002,0.0000,0.0000,0.0300,0.2464,0.0717
0.04,-0.0004,0.0000,0.0000,0.0300,0.3272,0.0942
0.05,-0.0007,0.0012,0.0003,0.0303,0.4072,0.1160
0.06,-0.0009,0.0128,0.0034,0.0334,0.4866,0.1371
0.07,-0.0013,0.0244,0.0066,0.0366,0.5653,0.1575
0.08,-0.0017,0.0361,0.0097,0.0397,0.6433,0.1773
0.09,-0.0021,0.0477,0.0128,0.0428,0.7206,0.1963
0.10,-0.0026,0.0594,0.0159,0.0459,0.7972,0.2146
0.11,-0.0032,0.0710,0.0190,0.0490,0.8731,0.2323
0.12,-0.0038,0.0826,0.0222,0.0522,0.9483,0.2492
0.13,-0.0044,0.0943,0.0253,0.0553,1.0228,0.2655
0.14,-0.0051,0.1059,0.0284,0.0584,1.0966,0.2811
0.15,-0.0059,0.1176,0.0315,0.0615,1.1697,0.2959
0.16,-0.0067,0.1292,0.0346,0.0646,1.2422,0.3101
0.17,-0.0075,0.1408,0.0378,0.0678,1.3139,0.3236
0.18,-0.0084,0.1525,0.0409,0.0709,1.3850,0.3364
0.19,-0.0094,0.1641,0.0440,0.0740,1.4553,0.3485
0.20,-0.0104,0.1758,0.0471,0.0771,1.5250,0.3599
0.21,-0.0115,0.1874,0.0502,0.0802,1.5939,0.3706
0.22,-0.0126,0.1990,0.0534,0.0834,1.6622,0.3807
0.23,-0.0137,0.2107,0.0565,0.0865,1.7298,0.3900
0.24,-0.0150,0.2223,0.0596,0.0896,1.7967,0.3986
0.25,-0.0162,0.2340,0.0627,0.0927,1.8629,0.4066
0.26,-0.0175,0.2456,0.0658,0.0958,1.9284,0.4138
0.27,-0.0189,0.2572,0.0690,0.0990,1.9932,0.4204
0.28,-0.0203,0.2689,0.0721,0.1021,2.0573,0.4262
0.29,-0.0218,0.2805,0.0752,0.1052,2.1207,0.4314
0.30,-0.0234,0.2922,0.0783,0.1083,2.1834,0.4360
0.31,-0.0249,0.3038,0.0814,0.1114,2.2455,0.4399
0.32,-0.0266,0.3154,0.0846,0.1146,2.3068,0.4433
0.33,-0.0282,0.3271,0.0877,0.1177,2.3675,0.4461
0.34,-0.0300,0.3387,0.0908,0.1208,2.4274,0.4484
0.35,-0.0318,0.3504,0.0939,0.1239,2.4867,0.4502
0.36,-0.0336,0.3620,0.0970,0.1270,2.5452,0.4516
0.37,-0.0355,0.3736,0.1002,0.1302,2.6031,0.4526
0.38,-0.0374,0.3853,0.1033,0.1333,2.6603,0.4531
0.39,-0.0394,0.3969,0.1064,0.1364,2.7168,0.4532
0.40,-0.0415,0.4086,0.1095,0.1395,2.7726,0.4530
0.41,-0.0436,0.4202,0.1126,0.1426,2.8277,0.4525
0.42,-0.0457,0.4318,0.1158,0.1458,2.8821,0.4516
0.43,-0.0479,0.4435,0.1189,0.1489,2.9358,0.4504
0.44,-0.0502,0.4551,0.1220,0.1520,2.9888,0.4490
0.45,-0.0525,0.4668,0.1251,0.1551,3.0411,0.4473
0.46,-0.0548,0.4784,0.1282,0.1582,3.0927,0.4453
0.47,-0.0572,0.4900,0.1314,0.1614,3.1437,0.4431
0.48,-0.0597,0.5017,0.1345,0.1645,3.1939,0.4407
0.49,-0.0622,0.5133,0.1376,0.1676,3.2435,0.4381
0.50,-0.0648,0.5250,0.1407,0.1707,3.2923,0.4353
0.51,-0.0674,0.5366,0.1438,0.1738,3.3405,0.4323
0.52,-0.0701,0.5482,0.1470,0.1770,3.3880,0.4291
0.53,-0.0728,0.5599,0.1501,0.1801,3.4347,0.4258
0.54,-0.0756,0.5715,0.1532,0.1832,3.4808,0.4224
0.55,-0.0784,0.5832,0.1563,0.1863,3.5262,0.4188
0.56,-0.0812,0.5948,0.1594,0.1894,3.5709,0.4152
0.57,-0.0842,0.6064,0.1626,0.1926,3.6149,0.4114
0.58,-0.0871,0.6181,0.1657,0.1957,3.6582,0.4075
0.59,-0.0902,0.6297,0.1688,0.1988,3.7008,0.4035
0.60,-0.0933,0.6414,0.1719,0.2019,3.7427,0.3994
0.61,-0.0964,0.6530,0.1750,0.2050,3.7840,0.3953
0.62,-0.0996,0.6646,0.1782,0.2082,3.8245,0.3911
0.63,-0.1028,0.6763,0.1813,0.2113,3.8643,0.3869
0.64,-0.1061,0.6879,0.1844,0.2144,3.9035,0.3825
0.65,-0.1094,0.6996,0.1875,0.2175,3.9419,0.3782
0.66,-0.1128,0.7112,0.1906,0.2206,3.9797,0.3738
0.67,-0.1163,0.7228,0.1938,0.2238,4.0168,0.3694
0.68,-0.1198,0.7345,0.1969,0.2269,4.0531,0.3649
0.69,-0.1233,0.7461,0.2000,0.2300,4.0888,0.3604
0.70,-0.1269,0.7578,0.2031,0.2331,4.1238,0.3559
0.71,-0.1305,0.7694,0.2062,0.2362,4.1581,0.3514
0.72,-0.1343,0.7810,0.2094,0.2394,4.1917,0.3469
0.73,-0.1380,0.7927,0.2125,0.2425,4.2246,0.3423
0.74,-0.1418,0.8043,0.2156,0.2456,4.2568,0.3378
0.75,-0.1457,0.8160,0.2187,0.2487,4.2883,0.3333
0.76,-0.1496,0.8276,0.2218,0.2518,4.3192,0.3287
0.77,-0.1535,0.8392,0.2250,0.2550,4.3493,0.3242
0.78,-0.1575,0.8509,0.2281,0.2581,4.3787,0.3197
0.79,-0.1616,0.8625,0.2312,0.2612,4.4075,0.3152
0.80,-0.1657,0.8742,0.2343,0.2643,4.4355,0.3107
0.81,-0.1704,0.8858,0.2374,0.2674,4.4629,0.3063
0.82,-0.1761,0.8974,0.2406,0.2706,4.4896,0.3019
0.83,-0.1827,0.9091,0.2437,0.2737,4.5155,0.2974
0.84,-0.1904,0.9207,0.2468,0.2768,4.5408,0.2931
0.85,-0.1991,0.9324,0.2499,0.2799,4.5654,0.2887
0.86,-0.2087,0.9440,0.2530,0.2830,4.5893,0.2844
0.87,-0.2194,0.9556,0.2562,0.2862,4.6125,0.2801
0.88,-0.2310,0.9673,0.2593,0.2893,4.6350,0.2758
0.89,-0.2436,0.9789,0.2624,0.2924,4.6568,0.2716
0.90,-0.2572,0.9906,0.2655,0.2955,4.6779,0.2674
0.91,-0.2719,1.0022,0.2686,0.2986,4.6983,0.2632
0.92,-0.2875,1.0138,0.2718,0.3018,4.7181,0.2591
0.93,-0.3041,1.0255,0.2749,0.3049,4.7371,0.2550
0.94,-0.3216,1.0371,0.2780,0.3080,4.7554,0.2510
0.95,-0.3402,1.0488,0.2811,0.3111,4.7731,0.2470
0.96,-0.3598,1.0604,0.2842,0.3142,4.7900,0.2430
0.97,-0.3804,1.0720,0.2874,0.3174,4.8063,0.2391
0.98,-0.4019,1.0837,0.2905,0.3205,4.8219,0.2352
0.99,-0.4245,1.0953,0.2936,0.3236,4.8367,0.2314
1.00,-0.4480,1.1070,0.2967,0.3267,4.8509,0.2276
1.01,-0.4711,1.1186,0.2998,0.3298,4.8644,0.2239
1.02,-0.4925,1.1302,0.3030,0.3330,4.8772,0.2202
1.03,-0.5123,1.1419,0.3061,0.3361,4.8893,0.2165
1.04,-0.5303,1.1535,0.3092,0.3392,4.9007,0.2129
1.05,-0.5467,1.1652,0.3123,0.3423,4.9114,0.2094
1.06,-0.5614,1.1768,0.3154,0.3454,4.9215,0.2058
1.07,-0.5745,1.1884,0.3186,0.3486,4.9308,0.2024
1.08,-0.5859,1.2001,0.3217,0.3517,4.9394,0.1989
1.09,-0.5956,1.2117,0.3248,0.3548,4.9474,0.1955
1.10,-0.6036,1.2234,0.3279,0.3579,4.9546,0.1922
1.11,-0.6100,1.2350,0.3310,0.3610,4.9612,0.1889
1.12,-0.6147,1.2466,0.3342,0.3642,4.9670,0.1857
1.13,-0.6177,1.2583,0.3373,0.3673,4.9722,0.1825
1.14,-0.6191,1.2699,0.3404,0.3704,4.9767,0.1793
1.15,-0.6187,1.2816,0.3435,0.3735,4.9804,0.1762
1.16,-0.6167,1.2932,0.3466,0.3766,4.9835,0.1731
1.17,-0.6131,1.3048,0.3498,0.3798,4.9859,0.1701
1.18,-0.6078,1.3165,0.3529,0.3829,4.9876,0.1671
1.19,-0.6008,1.3281,0.3560,0.3860,4.9886,0.1642
1.20,-0.5921,1.3398,0.3591,0.3891,4.9889,0.1613
1.21,-0.5817,1.3514,0.3622,0.3922,4.9886,0.1584
1.22,-0.5697,1.3630,0.3654,0.3954,4.9875,0.1556
1.23,-0.5560,1.3747,0.3685,0.3985,4.9857,0.1529
1.24,-0.5407,1.3863,0.3716,0.4019,4.9832,0.1502
1.25,-0.5237,1.3980,0.3747,0.4057,4.9801,0.1475
1.26,-0.5050,1.4096,0.3778,0.4098,4.9762,0.1448
1.27,-0.4846,1.4212,0.3810,0.4141,4.9717,0.1422
1.28,-0.4625,1.4329,0.3841,0.4188,4.9665,0.1397
1.29,-0.4388,1.4445,0.3872,0.4238,4.9605,0.1372
1.30,-0.4134,1.4562,0.3903,0.4291,4.9539,0.1347
1.31,-0.3864,1.4678,0.3934,0.4346,4.9466,0.1323
1.32,-0.3577,1.4794,0.3966,0.4404,4.9386,0.1299
1.33,-0.3273,1.4911,0.3997,0.4464,4.9299,0.1275
1.34,-0.2952,1.5027,0.4028,0.4527,4.9205,0.1252
1.35,-0.2615,1.5144,0.4059,0.4592,4.9104,0.1229
1.36,-0.2261,1.5260,0.4090,0.4659,4.8996,0.1207
1.37,-0.1890,1.5376,0.4122,0.4729,4.8881,0.1185
1.38,-0.1502,1.5493,0.4153,0.4800,4.8760,0.1163
1.39,-0.1098,1.5609,0.4184,0.4873,4.8631,0.1142
1.40,-0.0677,1.5726,0.4215,0.4949,4.8495,0.1121
1.41,-0.0239,1.5842,0.4246,0.5026,4.8353,0.1100
1.42,0.0215,1.5958,0.4278,0.5104,4.8203,0.1080
1.43,0.0686,1.6075,0.4309,0.5185,4.8047,0.1060
1.44,0.1174,1.6191,0.4340,0.5266,4.7884,0.1040
1.45,0.1678,1.6308,0.4371,0.5350,4.7714,0.1021
1.46,0.2199,1.6424,0.4402,0.5434,4.7536,0.1002
1.47,0.2737,1.6540,0.4434,0.5520,4.7352,0.0983
1.48,0.3292,1.6657,0.4465,0.5608,4.7161,0.0965
1.49,0.3863,1.6773,0.4496,0.5696,4.6963,0.0947
1.50,0.4451,1.6890,0.4527,0.5786,4.6758,0.0930
1.51,0.5056,1.7006,0.4558,0.5876,4.6546,0.0912
1.52,0.5678,1.7122,0.4590,0.5968,4.6328,0.0895
1.53,0.6316,1.7239,0.4621,0.6061,4.6102,0.0878
1.54,0.6971,1.7355,0.4652,0.6155,4.5869,0.0862
1.55,0.7642,1.7472,0.4683,0.6250,4.5630,0.0846
1.56,0.8331,1.7588,0.4714,0.6345,4.5383,0.0830
1.57,0.9036,1.7704,0.4746,0.6441,4.5130,0.0814
1.58,0.9757,1.7821,0.4777,0.6539,4.4869,0.0799
1.59,1.0496,1.7937,0.4808,0.6637,4.4602,0.0784
1.60,1.1251,1.8054,0.4839,0.6735,4.4328,0.0769
1.61,1.2023,1.8170,0.4870,0.6835,4.4046,0.0755
1.62,1.2811,1.8286,0.4902,0.6935,4.3758,0.0740
1.63,1.3617,1.8403,0.4933,0.7035,4.3463,0.0726
1.64,1.4439,1.8519,0.4964,0.7137,4.3161,0.0713
1.65,1.5277,1.8636,0.4995,0.7239,4.2852,0.0699
1.66,1.6133,1.8752,0.5026,0.7341,4.2536,0.0686
1.67,1.7005,1.8868,0.5058,0.7444,4.2214,0.0673
1.68,1.7894,1.8985,0.5089,0.7548,4.1884,0.0660
1.69,1.8799,1.9101,0.5120,0.7652,4.1547,0.0648
1.70,1.9721,1.9218,0.5151,0.7756,4.1203,0.0635
1.71,2.0660,1.9334,0.5182,0.7861,4.0853,0.0623
1.72,2.1616,1.9450,0.5214,0.7967,4.0495,0.0611
1.73,2.2588,1.9567,0.5245,0.8072,4.0131,0.0600
1.74,2.3577,1.9683,0.5276,0.8179,3.9760,0.0588
1.75,2.4583,1.9800,0.5307,0.8285,3.9381,0.0577
1.76,2.5606,1.9916,0.5338,0.8392,3.8996,0.0566
1.77,2.6645,2.0032,0.5370,0.8500,3.8604,0.0555
1.78,2.7701,2.0149,0.5401,0.8607,3.8205,0.0544
1.79,2.8774,2.0265,0.5432,0.8715,3.7799,0.0534
1.80,2.9863,2.0382,0.5463,0.8824,3.7388,0.0524
1.81,3.0969,2.0498,0.5494,0.8932,3.6972,0.0514
1.82,3.2092,2.0614,0.5526,0.9041,3.6551,0.0504
1.83,3.3231,2.0731,0.5557,0.9151,3.6126,0.0494
1.84,3.4387,2.0847,0.5588,0.9260,3.5698,0.0485
1.85,3.5560,2.0964,0.5619,0.9370,3.5267,0.0475
1.86,3.6750,2.1080,0.5650,0.9480,3.4834,0.0466
1.87,3.7956,2.1196,0.5682,0.9590,3.4399,0.0457
1.88,3.9179,2.1313,0.5713,0.9701,3.3963,0.0449
1.89,4.0419,2.1429,0.5744,0.9812,3.3526,0.0440
1.90,4.1675,2.1546,0.5775,0.9923,3.3088,0.0431
1.91,4.2949,2.1662,0.5806,1.0034,3.2650,0.0423
1.92,4.4239,2.1778,0.5838,1.0145,3.2212,0.0415
1.93,4.5545,2.1895,0.5869,1.0257,3.1774,0.0407
1.94,4.6868,2.2011,0.5900,1.0369,3.1338,0.0399
1.95,4.8208,2.2128,0.5931,1.0481,3.0902,0.0391
1.96,4.9565,2.2244,0.5962,1.0593,3.0468,0.0384
1.97,5.0939,2.2360,0.5994,1.0706,3.0036,0.0376
1.98,5.2329,2.2477,0.6025,1.0818,2.9605,0.0369
1.99,5.3736,2.2593,0.6056,1.0931,2.9177,0.0362
2.00,5.5159,2.2710,0.6087,1.1044,2.8750,0.0355
2.01,5.6599,2.2826,0.6118,1.1157,2.8327,0.0348
2.02,5.8056,2.2942,0.6150,1.1270,2.7906,0.0341
2.03,5.9530,2.3059,0.6181,1.1384,2.7487,0.0335
2.04,6.1020,2.3175,0.6212,1.1497,2.7072,0.0328
2.05,6.2528,2.3292,0.6243,1.1611,2.6660,0.0322
2.06,6.4051,2.3408,0.6274,1.1725,2.6252,0.0316
2.07,6.5592,2.3524,0.6306,1.1839,2.5846,0.0309
2.08,6.7149,2.3641,0.6337,1.1953,2.5445,0.0303
2.09,6.8723,2.3757,0.6368,1.2067,2.5047,0.0298
2.10,7.0314,2.3874,0.6399,1.2181,2.4652,0.0292
2.11,7.1921,2.3990,0.6430,1.2296,2.4262,0.0286
2.12,7.3545,2.4106,0.6462,1.2410,2.3875,0.0281
2.13,7.5186,2.4223,0.6493,1.2525,2.3493,0.0275
2.14,7.6844,2.4339,0.6524,1.3844,2.3114,0.0270
2.15,7.8518,2.4456,0.6555,1.5518,2.2740,0.0265
2.16,8.0209,2.4572,0.6586,1.7209,2.2369,0.0259
2.17,8.1916,2.4688,0.6618,1.8916,2.2003,0.0254
2.18,8.3641,2.4805,0.6649,2.0641,2.1642,0.0249
2.19,8.5382,2.4921,0.6680,2.2382,2.1284,0.0245
2.20,8.7139,2.5038,0.6711,2.4139,2.0931,0.0240
2.21,8.8914,2.5154,0.6742,2.5914,2.0582,0.0235
2.22,9.0705,2.5270,0.6774,2.7705,2.0237,0.0230
2.23,9.2513,2.5387,0.6805,2.9513,1.9897,0.0226
2.24,9.4338,2.5503,0.6836,3.1338,1.9561,0.0222
2.25,9.6179,2.5620,0.6867,3.3179,1.9230,0.0217
2.26,9.8037,2.5736,0.6898,3.5037,1.8903,0.0213
2.27,9.9912,2.5852,0.6930,3.6912,1.8580,0.0209
2.28,10.1803,2.5969,0.6961,3.8803,1.8262,0.0205
2.29,10.3711,2.6085,0.6992,4.0711,1.7948,0.0201
2.30,10.5636,2.6202,0.7023,4.2636,1.7639,0.0197
2.31,10.7578,2.6318,0.7054,4.4578,1.7333,0.0193
2.32,10.9536,2.6434,0.7086,4.6536,1.7033,0.0189
2.33,11.1511,2.6551,0.7117,4.8511,1.6736,0.0186
2.34,11.3503,2.6667,0.7148,5.0503,1.6444,0.0182
2.35,11.5511,2.6784,0.7179,5.2511,1.6156,0.0178
2.36,11.7536,2.6900,0.7210,5.4536,1.5872,0.0175
2.37,11.9578,2.7016,0.7242,5.6578,1.5592,0.0171
2.38,12.1637,2.7133,0.7273,5.8637,1.5317,0.0168
2.39,12.3712,2.7249,0.7304,6.0712,1.5046,0.0165
2.40,12.5804,2.7366,0.7335,6.2804,1.4779,0.0162
2.41,12.7913,2.7482,0.7366,6.4913,1.4516,0.0158
2.42,13.0038,2.7598,0.7398,6.7038,1.4257,0.0155
2.43,13.2180,2.7715,0.7429,6.9180,1.4002,0.0152
2.44,13.4339,2.7831,0.7460,7.1339,1.3751,0.0149
2.45,13.6514,2.7948,0.7491,7.3514,1.3504,0.0146
2.46,13.8707,2.8064,0.7522,7.5707,1.3261,0.0143
2.47,14.0916,2.8180,0.7554,7.7916,1.3022,0.0141
2.48,14.3141,2.8297,0.7585,8.0141,1.2786,0.0138
2.49,14.5384,2.8413,0.7616,8.2384,1.2555,0.0135
2.50,14.7643,2.8530,0.7647,8.4643,1.2327,0.0133
2.51,14.9919,2.8646,0.7678,8.6919,1.2103,0.0130
2.52,15.2211,2.8762,0.7710,8.9211,1.1882,0.0127
2.53,15.4520,2.8879,0.7741,9.1520,1.1665,0.0125
2.54,15.6846,2.8995,0.7772,9.3846,1.1452,0.0122
2.55,15.9189,2.9112,0.7803,9.6189,1.1242,0.0120
2.56,16.1548,2.9228,0.7834,9.8548,1.1036,0.0118
2.57,16.3924,2.9344,0.7866,10.0924,1.0833,0.0115
2.58,16.6317,2.9461,0.7897,10.3317,1.0634,0.0113
2.59,16.8726,2.9577,0.7928,10.5726,1.0438,0.0111
2.60,17.1153,2.9694,0.7959,10.8153,1.0245,0.0109
2.61,17.3595,2.9810,0.7990,11.0595,1.0056,0.0107
2.62,17.6055,2.9926,0.8022,11.3055,0.9870,0.0105
2.63,17.8531,3.0043,0.8053,11.5531,0.9687,0.0102
2.64,18.1024,3.0159,0.8084,11.8024,0.9507,0.0100
2.65,18.3534,3.0276,0.8115,12.0534,0.9330,0.0098
2.66,18.6061,3.0392,0.8146,12.3061,0.9157,0.0097
2.67,18.8604,3.0508,0.8178,12.5604,0.8986,0.0095
2.68,19.1164,3.0625,0.8209,12.8164,0.8818,0.0093
2.69,19.3740,3.0741,0.8240,13.0740,0.8653,0.0091
2.70,19.6333,3.0858,0.8271,13.3333,0.8492,0.0089
2.71,19.8943,3.0974,0.8302,13.5943,0.8332,0.0087
2.72,20.1570,3.1090,0.8334,13.8570,0.8176,0.0086
2.73,20.4214,3.1207,0.8365,14.1214,0.8023,0.0084
2.74,20.6874,3.1323,0.8396,14.3874,0.7872,0.0082
2.75,20.9551,3.1440,0.8427,14.6551,0.7724,0.0081
2.76,21.2244,3.1556,0.8458,14.9244,0.7578,0.0079
2.77,21.4954,3.1672,0.8490,15.1954,0.7436,0.0078
2.78,21.7681,3.1789,0.8521,15.4681,0.7295,0.0076
2.79,22.0425,3.1905,0.8552,15.7425,0.7157,0.0075
2.80,22.3185,3.2022,0.8583,16.0185,0.7022,0.0073
2.81,22.5962,3.2138,0.8614,16.2962,0.6889,0.0072
2.82,22.8756,3.2254,0.8646,16.5756,0.6759,0.0070
2.83,23.1567,3.2371,0.8677,16.8567,0.6631,0.0069
2.84,23.4394,3.2487,0.8708,17.1394,0.6505,0.0068
2.85,23.7238,3.2604,0.8739,17.4238,0.6381,0.0066
2.86,24.0099,3.2720,0.8770,17.7099,0.6260,0.0065
2.87,24.2976,3.2836,0.8802,17.9976,0.6141,0.0064
2.88,24.5870,3.2953,0.8833,18.2870,0.6024,0.0062
2.89,24.8781,3.3069,0.8864,18.5781,0.5909,0.0061
2.90,25.1708,3.3186,0.8895,18.8708,0.5797,0.0060
2.91,25.4652,3.3302,0.8926,19.1652,0.5686,0.0059
2.92,25.7613,3.3418,0.8958,19.4613,0.5577,0.0058
2.93,26.0591,3.3535,0.8989,19.7591,0.5471,0.0056
2.94,26.3585,3.3651,0.9020,20.0585,0.5366,0.0055
2.95,26.6596,3.3768,0.9051,20.3596,0.5264,0.0054
2.96,26.9624,3.3884,0.9082,20.6624,0.5163,0.0053
2.97,27.2669,3.4000,0.9114,20.9669,0.5064,0.0052
2.98,27.5730,3.4117,0.9145,21.2730,0.4967,0.0051
2.99,27.8808,3.4233,0.9176,21.5808,0.4872,0.0050
3.00,28.1902,3.4350,0.9207,21.8902,0.4778,0.0049
3.01,28.5014,3.4466,0.9238,22.2014,0.4686,0.0048
3.02,28.8142,3.4582,0.9270,22.5142,0.4596,0.0047
3.03,29.1286,3.4699,0.9301,22.8286,0.4508,0.0046
3.04,29.4448,3.4815,0.9332,23.1448,0.4421,0.0045
3.05,29.7626,3.4932,0.9363,23.4626,0.4336,0.0044
3.06,30.0821,3.5048,0.9394,23.7821,0.4253,0.0044
3.07,30.4032,3.5164,0.9426,24.1032,0.4171,0.0043
3.08,30.7261,3.5281,0.9457,24.4261,0.4090,0.0042
3.09,31.0506,3.5397,0.9488,24.7506,0.4011,0.0041
3.10,31.3767,3.5514,0.9519,25.0767,0.3934,0.0040
3.11,31.7046,3.5630,0.9550,25.4046,0.3858,0.0039
3.12,32.0341,3.5746,0.9582,25.7341,0.3784,0.0039
3.13,32.3653,3.5863,0.9613,26.0653,0.3710,0.0038
3.14,32.6981,3.5979,0.9644,26.3981,0.3639,0.0037
3.15,33.0326,3.6096,0.9675,26.7326,0.3568,0.0036
3.16,33.3688,3.6212,0.9706,27.0688,0.3499,0.0036
3.17,33.7067,3.6328,0.9738,27.4067,0.3432,0.0035
3.18,34.0462,3.6445,0.9769,27.7462,0.3365,0.0034
3.19,34.3875,3.6561,0.9800,28.0875,0.3300,0.0034
3.20,34.7303,3.6678,0.9831,28.4303,0.3236,0.0033
3.21,35.0749,3.6794,0.9862,28.7749,0.3173,0.0032
3.22,35.4211,3.6910,0.9894,29.1211,0.3112,0.0032
3.23,35.7690,3.7027,0.9925,29.4690,0.3051,0.0031
3.24,36.1186,3.7143,0.9956,29.8186,0.2992,0.0030
3.25,36.4698,3.7260,0.9987,30.1698,0.2934,0.0030
3.26,36.8227,3.7376,1.0018,30.5227,0.2877,0.0029
3.27,37.1773,3.7492,1.0050,30.8773,0.2821,0.0029
3.28,37.5335,3.7609,1.0081,31.2335,0.2766,0.0028
3.29,37.8914,3.7725,1.0112,31.5914,0.2712,0.0028
3.30,38.2510,3.7842,1.0143,31.9510,0.2660,0.0027
3.31,38.6123,3.7958,1.0174,32.3123,0.2608,0.0027
3.32,38.9752,3.8074,1.0206,32.6752,0.2557,0.0026
3.33,39.3398,3.8191,1.0237,33.0398,0.2507,0.0025
3.34,39.7061,3.8307,1.0268,33.4061,0.2459,0.0025
3.35,40.0741,3.8424,1.0299,33.7741,0.2411,0.0024
3.36,40.4437,3.8540,1.0330,34.1437,0.2364,0.0024
3.37,40.8150,3.8656,1.0362,34.5150,0.2318,0.0024
3.38,41.1879,3.8773,1.0393,34.8879,0.2273,0.0023
3.39,41.5625,3.8889,1.0424,35.2625,0.2228,0.0023
3.40,41.9389,3.9006,1.0455,35.6389,0.2185,0.0022
3.41,42.3168,3.9122,1.0486,36.0168,0.2142,0.0022
3.42,42.6965,3.9238,1.0518,36.3965,0.2100,0.0021
3.43,43.0778,3.9355,1.0549,36.7778,0.2059,0.0021
3.44,43.4608,3.9471,1.0580,37.1608,0.2019,0.0020
3.45,43.8454,3.9588,1.0611,37.5454,0.1980,0.0020
3.46,44.2317,3.9704,1.0642,37.9317,0.1941,0.0020
3.47,44.6197,3.9820,1.0674,38.3197,0.1903,0.0019
3.48,45.0094,3.9937,1.0705,38.7094,0.1866,0.0019
3.49,45.4008,4.0053,1.0736,39.1008,0.1829,0.0019
3.50,45.7938,4.0170,1.0767,39.4938,0.1794,0.0018
3.51,46.1884,4.0286,1.0798,39.8884,0.1759,0.0018
3.52,46.5848,4.0402,1.0830,40.2848,0.1724,0.0017
3.53,46.9828,4.0519,1.0861,40.6828,0.1691,0.0017
3.54,47.3825,4.0635,1.0892,41.0825,0.1657,0.0017
3.55,47.7839,4.0752,1.0923,41.4839,0.1625,0.0016
3.56,48.1869,4.0868,1.0954,41.8869,0.1593,0.0016
3.57,48.5916,4.0984,1.0986,42.2916,0.1562,0.0016
3.58,48.9980,4.1101,1.1017,42.6980,0.1531,0.0015
3.59,49.4061,4.1217,1.1048,43.1061,0.1501,0.0015
3.60,49.8158,4.1334,1.1079,43.5158,0.1472,0.0015
3.61,50.2272,4.1450,1.1110,43.9272,0.1443,0.0015
3.62,50.6402,4.1566,1.1142,44.3402,0.1415,0.0014
3.63,51.0550,4.1683,1.1173,44.7550,0.1387,0.0014
3.64,51.4714,4.1799,1.1204,45.1714,0.1360,0.0014
3.65,51.8895,4.1916,1.1235,45.5895,0.1333,0.0013
3.66,52.3092,4.2032,1.1266,46.0092,0.1307,0.0013
3.67,52.7306,4.2148,1.1298,46.4306,0.1282,0.0013
3.68,53.1537,4.2265,1.1329,46.8537,0.1257,0.0013
3.69,53.5785,4.2381,1.1360,47.2785,0.1232,0.0012
3.70,54.0049,4.2498,1.1391,47.7049,0.1208,0.0012
3.71,54.4330,4.2614,1.1422,48.1330,0.1184,0.0012
3.72,54.8628,4.2730,1.1454,48.5628,0.1161,0.0012
3.73,55.2942,4.2847,1.1485,48.9942,0.1138,0.0011
3.74,55.7273,4.2963,1.1516,49.4273,0.1116,0.0011
3.75,56.1621,4.3080,1.1547,49.8621,0.1094,0.0011
3.76,56.5986,4.3196,1.1578,50.2986,0.1072,0.0011
3.77,57.0367,4.3312,1.1610,50.7367,0.1051,0.0011
3.78,57.4765,4.3429,1.1641,51.1765,0.1031,0.0010
3.79,57.9180,4.3545,1.1672,51.6180,0.1010,0.0010
3.80,58.3611,4.3662,1.1703,52.0611,0.0991,0.0010
3.81,58.8059,4.3778,1.1734,52.5059,0.0971,0.0010
3.82,59.2524,4.3894,1.1766,52.9524,0.0952,0.0010
3.83,59.7006,4.4011,1.1797,53.4006,0.0933,0.0009
3.84,60.1504,4.4127,1.1828,53.8504,0.0915,0.0009
3.85,60.6019,4.4244,1.1859,54.3019,0.0897,0.0009
3.86,61.0551,4.4360,1.1890,54.7551,0.0879,0.0009
3.87,61.5099,4.4476,1.1922,55.2099,0.0862,0.0009
3.88,61.9664,4.4593,1.1953,55.6664,0.0845,0.0009
3.89,62.4246,4.4709,1.1984,56.1246,0.0829,0.0008
3.90,62.8845,4.4826,1.2015,56.5845,0.0812,0.0008
3.91,63.3460,4.4942,1.2046,57.0460,0.0796,0.0008
3.92,63.8092,4.5058,1.2078,57.5092,0.0781,0.0008
3.93,64.2740,4.5175,1.2109,57.9740,0.0765,0.0008
3.94,64.7406,4.5291,1.2140,58.4406,0.0750,0.0008
3.95,65.2088,4.5408,1.2171,58.9088,0.0735,0.0007
3.96,65.6787,4.5524,1.2202,59.3787,0.0721,0.0007
3.97,66.1502,4.5640,1.2234,59.8502,0.0707,0.0007
3.98,66.6234,4.5757,1.2265,60.3234,0.0693,0.0007
3.99,67.0983,4.5873,1.2296,60.7983,0.0679,0.0007
4.00,67.5749,4.5990,1.2327,61.2749,0.0666,0.0007
