azimuth_deg,影刃（C2，翼展开）|全金属|8GHz_dBsm,影刃（C2，翼展开）|全金属|10GHz_dBsm,影刃（C2，翼展开）|全金属|12GHz_dBsm,影刃（C2，翼展开）|涂层−10dB|8GHz_dBsm,影刃（C2，翼展开）|涂层−10dB|10GHz_dBsm,影刃（C2，翼展开）|涂层−10dB|12GHz_dBsm,影刃（C2，翼展开）|涂层−15dB|8GHz_dBsm,影刃（C2，翼展开）|涂层−15dB|10GHz_dBsm,影刃（C2，翼展开）|涂层−15dB|12GHz_dBsm,锐矛（C1）|全金属|8GHz_dBsm,锐矛（C1）|全金属|10GHz_dBsm,锐矛（C1）|全金属|12GHz_dBsm,锐矛（C1）|涂层−10dB|8GHz_dBsm,锐矛（C1）|涂层−10dB|10GHz_dBsm,锐矛（C1）|涂层−10dB|12GHz_dBsm,锐矛（C1）|涂层−15dB|8GHz_dBsm,锐矛（C1）|涂层−15dB|10GHz_dBsm,锐矛（C1）|涂层−15dB|12GHz_dBsm,组合体（SC_A）|全金属|8GHz_dBsm,组合体（SC_A）|全金属|10GHz_dBsm,组合体（SC_A）|全金属|12GHz_dBsm,组合体（SC_A）|涂层−10dB|8GHz_dBsm,组合体（SC_A）|涂层−10dB|10GHz_dBsm,组合体（SC_A）|涂层−10dB|12GHz_dBsm,组合体（SC_A）|涂层−15dB|8GHz_dBsm,组合体（SC_A）|涂层−15dB|10GHz_dBsm,组合体（SC_A）|涂层−15dB|12GHz_dBsm
-90.0,15.74,16.55,11.11,5.74,6.55,1.11,0.74,1.55,-3.89,1.71,5.28,12.07,-8.29,-4.72,2.07,-13.29,-9.72,-2.93,43.74,39.06,37.04,33.74,29.06,27.04,28.74,24.06,22.04
-89.5,17.22,16.86,12.43,7.22,6.86,2.43,2.22,1.86,-2.57,0.96,4.39,11.91,-9.04,-5.61,1.91,-14.04,-10.61,-3.09,24.78,25.58,20.98,14.78,15.58,10.98,9.78,10.58,5.98
-89.0,14.80,11.99,7.47,4.80,1.99,-2.53,-0.20,-3.01,-7.53,-2.65,-0.01,10.91,-12.65,-10.01,0.91,-17.65,-15.01,-4.09,21.03,18.61,14.46,11.03,8.61,4.46,6.03,3.61,-0.54
-88.5,6.92,-6.20,3.44,-3.08,-16.20,-6.56,-8.08,-21.20,-11.56,-7.09,-4.01,7.47,-17.09,-14.01,-2.53,-22.09,-19.01,-7.53,16.25,18.23,2.11,6.25,8.23,-7.89,1.25,3.23,-12.89
-88.0,0.46,3.18,0.18,-9.54,-6.82,-9.82,-14.54,-11.82,-14.82,-5.98,-4.79,4.27,-15.98,-14.79,-5.73,-20.98,-19.79,-10.73,13.61,12.98,11.00,3.61,2.98,1.00,-1.39,-2.02,-4.00
-87.5,-3.77,-4.63,-9.09,-13.77,-14.63,-19.09,-18.77,-19.63,-24.09,-23.81,-8.29,-2.13,-33.81,-18.29,-12.13,-38.81,-23.29,-17.13,14.91,9.82,9.70,4.91,-0.18,-0.30,-0.09,-5.18,-5.30
-87.0,-5.44,-3.68,-2.65,-15.44,-13.68,-12.65,-20.44,-18.68,-17.65,-22.68,-11.48,-5.10,-32.68,-21.48,-15.10,-37.68,-26.48,-20.10,13.29,12.53,10.43,3.29,2.53,0.43,-1.71,-2.47,-4.57
-86.5,-3.38,-20.75,-4.23,-13.38,-30.75,-14.23,-18.38,-35.75,-19.23,-14.36,-12.52,2.96,-24.36,-22.52,-7.04,-29.36,-27.52,-12.04,15.13,3.58,12.96,5.13,-6.42,2.96,0.13,-11.42,-2.04
-86.0,-5.61,-0.43,-7.77,-15.61,-10.43,-17.77,-20.61,-15.43,-22.77,-14.78,-20.82,-3.79,-24.78,-30.82,-13.79,-29.78,-35.82,-18.79,11.94,13.28,-0.57,1.94,3.28,-10.57,-3.06,-1.72,-15.57
-85.5,-8.28,-13.20,-5.90,-18.28,-23.20,-15.90,-23.28,-28.20,-20.90,-14.59,-4.12,0.64,-24.59,-14.12,-9.36,-29.59,-19.12,-14.36,0.58,12.87,-3.60,-9.42,2.87,-13.60,-14.42,-2.13,-18.60
-85.0,-8.56,-3.25,-5.28,-18.56,-13.25,-15.28,-23.56,-18.25,-20.28,-11.68,-3.63,-3.29,-21.68,-13.63,-13.29,-26.68,-18.63,-18.29,8.51,12.45,5.07,-1.49,2.45,-4.93,-6.49,-2.55,-9.93
-84.5,-13.93,-11.66,-8.91,-23.93,-21.66,-18.91,-28.93,-26.66,-23.91,-8.26,-2.49,-0.51,-18.26,-12.49,-10.51,-23.26,-17.49,-15.51,15.34,13.49,-4.43,5.34,3.49,-14.43,0.34,-1.51,-19.43
-84.0,-10.87,-7.55,-6.23,-20.87,-17.55,-16.23,-25.87,-22.55,-21.23,-12.11,-3.25,-12.26,-22.11,-13.25,-22.26,-27.11,-18.25,-27.26,13.95,4.64,6.65,3.95,-5.36,-3.35,-1.05,-10.36,-8.35
-83.5,-9.82,-13.03,-8.11,-19.82,-23.03,-18.11,-24.82,-28.03,-23.11,-18.44,-16.06,-0.43,-28.44,-26.06,-10.43,-33.44,-31.06,-15.43,10.82,6.77,5.32,0.82,-3.23,-4.68,-4.18,-8.23,-9.68
-83.0,-21.43,-20.39,-5.44,-31.43,-30.39,-15.44,-36.43,-35.39,-20.44,-0.53,-2.24,-9.29,-10.53,-12.24,-19.29,-15.53,-17.24,-24.29,11.69,3.35,15.25,1.69,-6.65,5.25,-3.31,-11.65,0.25
-82.5,-2.56,-9.18,-17.93,-12.56,-19.18,-27.93,-17.56,-24.18,-32.93,-25.18,-4.43,3.63,-35.18,-14.43,-6.37,-40.18,-19.43,-11.37,-0.25,9.37,7.64,-10.25,-0.63,-2.36,-15.25,-5.63,-7.36
-82.0,-14.24,-6.77,-13.45,-24.24,-16.77,-23.45,-29.24,-21.77,-28.45,-6.15,-7.49,-3.67,-16.15,-17.49,-13.67,-21.15,-22.49,-18.67,5.16,7.10,4.42,-4.84,-2.90,-5.58,-9.84,-7.90,-10.58
-81.5,-9.81,-5.71,-5.44,-19.81,-15.71,-15.44,-24.81,-20.71,-20.44,-5.08,-6.43,-7.46,-15.08,-16.43,-17.46,-20.08,-21.43,-22.46,6.72,11.30,5.67,-3.28,1.30,-4.33,-8.28,-3.70,-9.33
-81.0,-16.54,-9.32,-9.14,-26.54,-19.32,-19.14,-31.54,-24.32,-24.14,-13.34,-15.81,-0.44,-23.34,-25.81,-10.44,-28.34,-30.81,-15.44,9.92,14.57,6.37,-0.08,4.57,-3.63,-5.08,-0.43,-8.63
-80.5,-4.95,-12.52,-7.00,-14.95,-22.52,-17.00,-19.95,-27.52,-22.00,-1.17,-10.28,0.18,-11.17,-20.28,-9.82,-16.17,-25.28,-14.82,0.57,-4.96,8.94,-9.43,-14.96,-1.06,-14.43,-19.96,-6.06
-80.0,-14.21,-10.26,-12.13,-24.21,-20.26,-22.13,-29.21,-25.26,-27.13,-8.53,-9.70,-0.77,-18.53,-19.70,-10.77,-23.53,-24.70,-15.77,-1.73,4.71,6.26,-11.73,-5.29,-3.74,-16.73,-10.29,-8.74
-79.5,-14.74,-20.27,-0.76,-24.74,-30.27,-10.76,-29.74,-35.27,-15.76,-3.19,-15.72,-3.55,-13.19,-25.72,-13.55,-18.19,-30.72,-18.55,8.34,4.32,-0.16,-1.66,-5.68,-10.16,-6.66,-10.68,-15.16
-79.0,-16.91,-2.59,-5.61,-26.91,-12.59,-15.61,-31.91,-17.59,-20.61,-8.10,-6.29,0.16,-18.10,-16.29,-9.84,-23.10,-21.29,-14.84,13.39,-0.80,6.85,3.39,-10.80,-3.15,-1.61,-15.80,-8.15
-78.5,-12.40,-11.48,-4.19,-22.40,-21.48,-14.19,-27.40,-26.48,-19.19,-3.38,-6.00,1.35,-13.38,-16.00,-8.65,-18.38,-21.00,-13.65,5.42,7.68,4.03,-4.58,-2.32,-5.97,-9.58,-7.32,-10.97
-78.0,-13.95,-4.03,-6.94,-23.95,-14.03,-16.94,-28.95,-19.03,-21.94,-12.79,-3.00,-1.91,-22.79,-13.00,-11.91,-27.79,-18.00,-16.91,9.62,-1.70,-3.27,-0.38,-11.70,-13.27,-5.38,-16.70,-18.27
-77.5,-12.75,-13.92,-7.78,-22.75,-23.92,-17.78,-27.75,-28.92,-22.78,-7.29,-11.15,-4.48,-17.29,-21.15,-14.48,-22.29,-26.15,-19.48,4.88,-2.69,8.65,-5.12,-12.69,-1.35,-10.12,-17.69,-6.35
-77.0,-6.47,-5.39,-2.60,-16.47,-15.39,-12.60,-21.47,-20.39,-17.60,-11.23,-6.95,0.67,-21.23,-16.95,-9.33,-26.23,-21.95,-14.33,1.43,7.10,8.81,-8.57,-2.90,-1.19,-13.57,-7.90,-6.19
-76.5,-17.54,-9.48,-5.41,-27.54,-19.48,-15.41,-32.54,-24.48,-20.41,-4.05,-20.61,1.37,-14.05,-30.61,-8.63,-19.05,-35.61,-13.63,6.73,10.81,0.28,-3.27,0.81,-9.72,-8.27,-4.19,-14.72
-76.0,-5.98,-7.63,-3.52,-15.98,-17.63,-13.52,-20.98,-22.63,-18.52,-16.05,-11.40,0.44,-26.05,-21.40,-9.56,-31.05,-26.40,-14.56,7.78,2.41,-1.91,-2.22,-7.59,-11.91,-7.22,-12.59,-16.91
-75.5,-9.65,-8.19,-8.57,-19.65,-18.19,-18.57,-24.65,-23.19,-23.57,-9.14,1.64,5.90,-19.14,-8.36,-4.10,-24.14,-13.36,-9.10,3.87,1.24,10.23,-6.13,-8.76,0.23,-11.13,-13.76,-4.77
-75.0,-4.66,-5.61,-7.94,-14.66,-15.61,-17.94,-19.66,-20.61,-22.94,-0.14,-9.33,-9.14,-10.14,-19.33,-19.14,-15.14,-24.33,-24.14,7.65,6.92,17.12,-2.35,-3.08,7.12,-7.35,-8.08,2.12
-74.5,-8.18,-3.67,-10.59,-18.18,-13.67,-20.59,-23.18,-18.67,-25.59,3.55,-11.67,1.50,-6.45,-21.67,-8.50,-11.45,-26.67,-13.50,8.19,5.08,5.11,-1.81,-4.92,-4.89,-6.81,-9.92,-9.89
-74.0,-10.90,-5.72,-1.09,-20.90,-15.72,-11.09,-25.90,-20.72,-16.09,7.82,12.99,16.39,-2.18,2.99,6.39,-7.18,-2.01,1.39,8.71,13.00,18.23,-1.29,3.00,8.23,-6.29,-2.00,3.23
-73.5,-8.81,-5.98,-4.65,-18.81,-15.98,-14.65,-23.81,-20.98,-19.65,8.62,2.21,3.84,-1.38,-7.79,-6.16,-6.38,-12.79,-11.16,5.80,5.95,3.70,-4.20,-4.05,-6.30,-9.20,-9.05,-11.30
-73.0,-11.05,-8.18,-6.55,-21.05,-18.18,-16.55,-26.05,-23.18,-21.55,3.84,2.57,-10.05,-6.16,-7.43,-20.05,-11.16,-12.43,-25.05,15.63,7.79,2.91,5.63,-2.21,-7.09,0.63,-7.21,-12.09
-72.5,-11.69,-8.56,-10.80,-21.69,-18.56,-20.80,-26.69,-23.56,-25.80,-6.61,-5.73,-1.07,-16.61,-15.73,-11.07,-21.61,-20.73,-16.07,8.05,7.85,-1.18,-1.95,-2.15,-11.18,-6.95,-7.15,-16.18
-72.0,-16.32,-18.91,-5.22,-26.32,-28.91,-15.22,-31.32,-33.91,-20.22,-3.86,6.03,2.20,-13.86,-3.97,-7.80,-18.86,-8.97,-12.80,4.98,9.45,0.63,-5.02,-0.55,-9.37,-10.02,-5.55,-14.37
-71.5,-7.20,-9.81,-15.45,-17.20,-19.81,-25.45,-22.20,-24.81,-30.45,-5.34,-12.88,-2.51,-15.34,-22.88,-12.51,-20.34,-27.88,-17.51,7.17,8.46,2.03,-2.83,-1.54,-7.97,-7.83,-6.54,-12.97
-71.0,-12.23,-10.65,-3.28,-22.23,-20.65,-13.28,-27.23,-25.65,-18.28,-11.16,8.10,-3.89,-21.16,-1.90,-13.89,-26.16,-6.90,-18.89,2.05,-1.63,8.25,-7.95,-11.63,-1.75,-12.95,-16.63,-6.75
-70.5,-12.51,-10.14,-9.95,-22.51,-20.14,-19.95,-27.51,-25.14,-24.95,-10.58,9.19,-10.66,-20.58,-0.81,-20.66,-25.58,-5.81,-25.66,-15.75,8.60,2.46,-25.75,-1.40,-7.54,-30.75,-6.40,-12.54
-70.0,-8.27,-5.09,-7.20,-18.27,-15.09,-17.20,-23.27,-20.09,-22.20,-15.37,12.63,-1.47,-25.37,2.63,-11.47,-30.37,-2.37,-16.47,-2.64,12.69,7.11,-12.64,2.69,-2.89,-17.64,-2.31,-7.89
-69.5,-2.67,-4.02,-6.88,-12.67,-14.02,-16.88,-17.67,-19.02,-21.88,-7.03,15.20,-12.55,-17.03,5.20,-22.55,-22.03,0.20,-27.55,-4.99,12.01,4.93,-14.99,2.01,-5.07,-19.99,-2.99,-10.07
-69.0,-3.45,-2.89,-5.35,-13.45,-12.89,-15.35,-18.45,-17.89,-20.35,-15.16,14.07,-9.67,-25.16,4.07,-19.67,-30.16,-0.93,-24.67,2.55,15.22,13.87,-7.45,5.22,3.87,-12.45,0.22,-1.13
-68.5,-4.85,-1.77,-5.55,-14.85,-11.77,-15.55,-19.85,-16.77,-20.55,-8.91,15.07,-18.73,-18.91,5.07,-28.73,-23.91,0.07,-33.73,0.92,15.71,5.91,-9.08,5.71,-4.09,-14.08,0.71,-9.09
-68.0,-7.94,-7.69,-4.38,-17.94,-17.69,-14.38,-22.94,-22.69,-19.38,-6.30,14.04,-11.96,-16.30,4.04,-21.96,-21.30,-0.96,-26.96,-5.74,10.42,9.40,-15.74,0.42,-0.60,-20.74,-4.58,-5.60
-67.5,-5.39,-7.69,-5.14,-15.39,-17.69,-15.14,-20.39,-22.69,-20.14,-21.25,13.12,-13.29,-31.25,3.12,-23.29,-36.25,-1.88,-28.29,10.81,14.09,10.68,0.81,4.09,0.68,-4.19,-0.91,-4.32
-67.0,-8.54,-11.69,-4.20,-18.54,-21.69,-14.20,-23.54,-26.69,-19.20,-12.13,11.32,-10.76,-22.13,1.32,-20.76,-27.13,-3.68,-25.76,12.92,11.04,-8.93,2.92,1.04,-18.93,-2.08,-3.96,-23.93
-66.5,-10.18,-1.48,-1.89,-20.18,-11.48,-11.89,-25.18,-16.48,-16.89,-9.96,9.63,-13.59,-19.96,-0.37,-23.59,-24.96,-5.37,-28.59,5.37,3.91,10.50,-4.63,-6.09,0.50,-9.63,-11.09,-4.50
-66.0,-7.84,-9.93,-19.26,-17.84,-19.93,-29.26,-22.84,-24.93,-34.26,-13.43,1.63,-11.68,-23.43,-8.37,-21.68,-28.43,-13.37,-26.68,5.22,7.14,7.59,-4.78,-2.86,-2.41,-9.78,-7.86,-7.41
-65.5,-15.39,-4.24,-5.37,-25.39,-14.24,-15.37,-30.39,-19.24,-20.37,-10.72,3.42,-4.60,-20.72,-6.58,-14.60,-25.72,-11.58,-19.60,-5.49,8.10,-3.29,-15.49,-1.90,-13.29,-20.49,-6.90,-18.29
-65.0,-8.79,-6.30,-16.27,-18.79,-16.30,-26.27,-23.79,-21.30,-31.27,-19.07,-3.59,-10.51,-29.07,-13.59,-20.51,-34.07,-18.59,-25.51,4.60,8.72,10.54,-5.40,-1.28,0.54,-10.40,-6.28,-4.46
-64.5,-7.41,-5.95,-3.71,-17.41,-15.95,-13.71,-22.41,-20.95,-18.71,-9.96,-0.36,-11.17,-19.96,-10.36,-21.17,-24.96,-15.36,-26.17,0.29,0.18,-2.39,-9.71,-9.82,-12.39,-14.71,-14.82,-17.39
-64.0,-10.17,-20.47,-3.60,-20.17,-30.47,-13.60,-25.17,-35.47,-18.60,-7.83,-4.65,-6.38,-17.83,-14.65,-16.38,-22.83,-19.65,-21.38,8.45,-4.40,12.69,-1.55,-14.40,2.69,-6.55,-19.40,-2.31
-63.5,-5.74,-6.96,-10.96,-15.74,-16.96,-20.96,-20.74,-21.96,-25.96,-22.22,-5.38,-4.93,-32.22,-15.38,-14.93,-37.22,-20.38,-19.93,-2.36,-5.66,2.00,-12.36,-15.66,-8.00,-17.36,-20.66,-13.00
-63.0,-10.02,-13.67,-2.29,-20.02,-23.67,-12.29,-25.02,-28.67,-17.29,-14.99,-19.47,-3.62,-24.99,-29.47,-13.62,-29.99,-34.47,-18.62,6.96,11.81,7.33,-3.04,1.81,-2.67,-8.04,-3.19,-7.67
-62.5,-7.66,-9.82,-12.27,-17.66,-19.82,-22.27,-22.66,-24.82,-27.27,-13.07,-2.67,-15.72,-23.07,-12.67,-25.72,-28.07,-17.67,-30.72,9.40,12.30,10.24,-0.60,2.30,0.24,-5.60,-2.70,-4.76
-62.0,-11.28,-17.01,-1.28,-21.28,-27.01,-11.28,-26.28,-32.01,-16.28,-2.77,-5.20,-9.61,-12.77,-15.20,-19.61,-17.77,-20.20,-24.61,7.07,7.00,14.01,-2.93,-3.00,4.01,-7.93,-8.00,-0.99
-61.5,-7.77,-7.99,-6.40,-17.77,-17.99,-16.40,-22.77,-22.99,-21.40,2.64,-15.13,-0.84,-7.36,-25.13,-10.84,-12.36,-30.13,-15.84,12.69,3.45,9.30,2.69,-6.55,-0.70,-2.31,-11.55,-5.70
-61.0,-13.70,-7.51,-24.55,-23.70,-17.51,-34.55,-28.70,-22.51,-39.55,6.67,-2.29,-5.95,-3.33,-12.29,-15.95,-8.33,-17.29,-20.95,10.03,11.83,10.40,0.03,1.83,0.40,-4.97,-3.17,-4.60
-60.5,-32.57,-20.65,-7.67,-42.57,-30.65,-17.67,-47.57,-35.65,-22.67,12.03,-7.04,-5.21,2.03,-17.04,-15.21,-2.97,-22.04,-20.21,6.44,4.85,7.94,-3.56,-5.15,-2.06,-8.56,-10.15,-7.06
-60.0,-12.62,-25.51,-12.17,-22.62,-35.51,-22.17,-27.62,-40.51,-27.17,12.04,-8.29,1.77,2.04,-18.29,-8.23,-2.96,-23.29,-13.23,12.64,10.55,10.65,2.64,0.55,0.65,-2.36,-4.45,-4.35
-59.5,-13.58,-5.01,-8.45,-23.58,-15.01,-18.45,-28.58,-20.01,-23.45,10.59,-7.31,1.90,0.59,-17.31,-8.10,-4.41,-22.31,-13.10,12.43,11.83,10.20,2.43,1.83,0.20,-2.57,-3.17,-4.80
-59.0,-21.86,-4.05,-9.95,-31.86,-14.05,-19.95,-36.86,-19.05,-24.95,10.00,-2.06,-5.96,0.00,-12.06,-15.96,-5.00,-17.06,-20.96,9.67,6.76,-5.67,-0.33,-3.24,-15.67,-5.33,-8.24,-20.67
-58.5,-12.13,-16.33,-7.12,-22.13,-26.33,-17.12,-27.13,-31.33,-22.12,4.27,-8.82,-2.69,-5.73,-18.82,-12.69,-10.73,-23.82,-17.69,7.76,2.84,10.46,-2.24,-7.16,0.46,-7.24,-12.16,-4.54
-58.0,-29.69,-13.07,-13.78,-39.69,-23.07,-23.78,-44.69,-28.07,-28.78,-0.81,-3.99,-12.80,-10.81,-13.99,-22.80,-15.81,-18.99,-27.80,-0.04,4.93,8.80,-10.04,-5.07,-1.20,-15.04,-10.07,-6.20
-57.5,-13.34,-11.65,-6.17,-23.34,-21.65,-16.17,-28.34,-26.65,-21.17,-7.44,-1.36,4.82,-17.44,-11.36,-5.18,-22.44,-16.36,-10.18,2.33,-10.31,4.67,-7.67,-20.31,-5.33,-12.67,-25.31,-10.33
-57.0,-9.15,-4.85,-11.04,-19.15,-14.85,-21.04,-24.15,-19.85,-26.04,-14.95,0.80,4.29,-24.95,-9.20,-5.71,-29.95,-14.20,-10.71,6.18,9.49,-0.30,-3.82,-0.51,-10.30,-8.82,-5.51,-15.30
-56.5,-12.66,-9.48,-25.56,-22.66,-19.48,-35.56,-27.66,-24.48,-40.56,-12.28,-14.29,2.66,-22.28,-24.29,-7.34,-27.28,-29.29,-12.34,-6.19,-1.27,9.41,-16.19,-11.27,-0.59,-21.19,-16.27,-5.59
-56.0,-18.48,-2.92,-8.45,-28.48,-12.92,-18.45,-33.48,-17.92,-23.45,-15.50,-4.59,3.12,-25.50,-14.59,-6.88,-30.50,-19.59,-11.88,-3.72,-0.16,1.61,-13.72,-10.16,-8.39,-18.72,-15.16,-13.39
-55.5,-11.71,-4.17,-8.33,-21.71,-14.17,-18.33,-26.71,-19.17,-23.33,-20.68,-2.97,0.15,-30.68,-12.97,-9.85,-35.68,-17.97,-14.85,4.40,4.83,11.20,-5.60,-5.17,1.20,-10.60,-10.17,-3.80
-55.0,-14.51,-5.75,-5.70,-24.51,-15.75,-15.70,-29.51,-20.75,-20.70,-17.79,-3.00,-5.34,-27.79,-13.00,-15.34,-32.79,-18.00,-20.34,5.90,7.73,14.58,-4.10,-2.27,4.58,-9.10,-7.27,-0.42
-54.5,-55.48,-16.93,-16.76,-65.48,-26.93,-26.76,-70.48,-31.93,-31.76,-12.30,-6.16,2.33,-22.30,-16.16,-7.67,-27.30,-21.16,-12.67,12.82,-3.35,15.40,2.82,-13.35,5.40,-2.18,-18.35,0.40
-54.0,-18.65,-13.91,-6.91,-28.65,-23.91,-16.91,-33.65,-28.91,-21.91,-29.27,-19.84,-5.98,-39.27,-29.84,-15.98,-44.27,-34.84,-20.98,-5.86,5.88,0.13,-15.86,-4.12,-9.87,-20.86,-9.12,-14.87
-53.5,-14.25,-13.53,-8.01,-24.25,-23.53,-18.01,-29.25,-28.53,-23.01,-16.13,-14.72,10.69,-26.13,-24.72,0.69,-31.13,-29.72,-4.31,-2.15,7.88,17.15,-12.15,-2.12,7.15,-17.15,-7.12,2.15
-53.0,-16.74,-11.45,-9.39,-26.74,-21.45,-19.39,-31.74,-26.45,-24.39,-16.45,-10.95,2.79,-26.45,-20.95,-7.21,-31.45,-25.95,-12.21,2.17,12.99,7.29,-7.83,2.99,-2.71,-12.83,-2.01,-7.71
-52.5,-25.45,-18.31,-9.28,-35.45,-28.31,-19.28,-40.45,-33.31,-24.28,-19.18,-7.66,-1.15,-29.18,-17.66,-11.15,-34.18,-22.66,-16.15,4.25,8.33,10.84,-5.75,-1.67,0.84,-10.75,-6.67,-4.16
-52.0,-13.12,-6.75,-1.17,-23.12,-16.75,-11.17,-28.12,-21.75,-16.17,-17.82,-20.28,12.34,-27.82,-30.28,2.34,-32.82,-35.28,-2.66,7.52,9.13,15.24,-2.48,-0.87,5.24,-7.48,-5.87,0.24
-51.5,-7.75,-17.43,-5.26,-17.75,-27.43,-15.26,-22.75,-32.43,-20.26,-3.29,-8.21,20.28,-13.29,-18.21,10.28,-18.29,-23.21,5.28,-2.10,3.51,21.55,-12.10,-6.49,11.55,-17.10,-11.49,6.55
-51.0,-12.14,-4.80,-1.02,-22.14,-14.80,-11.02,-27.14,-19.80,-16.02,-0.36,-4.47,21.14,-10.36,-14.47,11.14,-15.36,-19.47,6.14,-1.27,6.34,18.55,-11.27,-3.66,8.55,-16.27,-8.66,3.55
-50.5,-5.43,-13.36,-2.62,-15.43,-23.36,-12.62,-20.43,-28.36,-17.62,-1.73,-20.73,19.15,-11.73,-30.73,9.15,-16.73,-35.73,4.15,3.01,7.43,18.27,-6.99,-2.57,8.27,-11.99,-7.57,3.27
-50.0,-6.70,-15.57,-0.75,-16.70,-25.57,-10.75,-21.70,-30.57,-15.75,-5.17,-2.46,16.98,-15.17,-12.46,6.98,-20.17,-17.46,1.98,-4.22,1.14,19.50,-14.22,-8.86,9.50,-19.22,-13.86,4.50
-49.5,-9.99,-11.83,-1.82,-19.99,-21.83,-11.82,-24.99,-26.83,-16.82,-11.36,-14.94,12.63,-21.36,-24.94,2.63,-26.36,-29.94,-2.37,5.36,5.50,11.95,-4.64,-4.50,1.95,-9.64,-9.50,-3.05
-49.0,-8.24,-10.03,-7.89,-18.24,-20.03,-17.89,-23.24,-25.03,-22.89,-9.78,-5.54,1.06,-19.78,-15.54,-8.94,-24.78,-20.54,-13.94,-2.92,6.68,4.98,-12.92,-3.32,-5.02,-17.92,-8.32,-10.02
-48.5,-7.04,-22.68,-3.91,-17.04,-32.68,-13.91,-22.04,-37.68,-18.91,-11.86,-14.59,1.31,-21.86,-24.59,-8.69,-26.86,-29.59,-13.69,3.14,10.21,4.67,-6.86,0.21,-5.33,-11.86,-4.79,-10.33
-48.0,-12.48,-10.57,-18.62,-22.48,-20.57,-28.62,-27.48,-25.57,-33.62,-9.78,-4.42,-1.96,-19.78,-14.42,-11.96,-24.78,-19.42,-16.96,7.33,-8.26,-3.36,-2.67,-18.26,-13.36,-7.67,-23.26,-18.36
-47.5,-12.87,-22.25,-14.21,-22.87,-32.25,-24.21,-27.87,-37.25,-29.21,-20.80,-9.25,2.71,-30.80,-19.25,-7.29,-35.80,-24.25,-12.29,2.25,-4.01,11.15,-7.75,-14.01,1.15,-12.75,-19.01,-3.85
-47.0,-8.36,-14.12,-5.61,-18.36,-24.12,-15.61,-23.36,-29.12,-20.61,-21.19,-3.47,-0.00,-31.19,-13.47,-10.00,-36.19,-18.47,-15.00,2.62,3.11,9.19,-7.38,-6.89,-0.81,-12.38,-11.89,-5.81
-46.5,-6.09,-12.49,-25.92,-16.09,-22.49,-35.92,-21.09,-27.49,-40.92,-8.17,-9.46,3.29,-18.17,-19.46,-6.71,-23.17,-24.46,-11.71,-3.95,6.67,9.46,-13.95,-3.33,-0.54,-18.95,-8.33,-5.54
-46.0,-8.95,-26.74,-8.88,-18.95,-36.74,-18.88,-23.95,-41.74,-23.88,-9.71,-9.87,-0.97,-19.71,-19.87,-10.97,-24.71,-24.87,-15.97,1.78,5.28,7.03,-8.22,-4.72,-2.97,-13.22,-9.72,-7.97
-45.5,-18.23,-20.45,-31.13,-28.23,-30.45,-41.13,-33.23,-35.45,-46.13,-8.98,-5.39,-13.54,-18.98,-15.39,-23.54,-23.98,-20.39,-28.54,0.49,6.57,3.07,-9.51,-3.43,-6.93,-14.51,-8.43,-11.93
-45.0,-16.94,-22.97,-17.73,-26.94,-32.97,-27.73,-31.94,-37.97,-32.73,0.25,-1.09,-3.80,-9.75,-11.09,-13.80,-14.75,-16.09,-18.80,0.86,1.87,9.50,-9.14,-8.13,-0.50,-14.14,-13.13,-5.50
-44.5,-8.03,-12.20,-5.98,-18.03,-22.20,-15.98,-23.03,-27.20,-20.98,0.58,11.83,-0.12,-9.42,1.83,-10.12,-14.42,-3.17,-15.12,5.39,13.48,5.89,-4.61,3.48,-4.11,-9.61,-1.52,-9.11
-44.0,-9.09,-14.44,-18.17,-19.09,-24.44,-28.17,-24.09,-29.44,-33.17,-5.76,15.16,-2.73,-15.76,5.16,-12.73,-20.76,0.16,-17.73,6.07,17.60,11.15,-3.93,7.60,1.15,-8.93,2.60,-3.85
-43.5,-12.84,-12.91,-6.43,-22.84,-22.91,-16.43,-27.84,-27.91,-21.43,-3.60,16.24,4.80,-13.60,6.24,-5.20,-18.60,1.24,-10.20,4.58,17.68,8.51,-5.42,7.68,-1.49,-10.42,2.68,-6.49
-43.0,-14.13,-12.92,-11.59,-24.13,-22.92,-21.59,-29.13,-27.92,-26.59,4.23,9.62,3.39,-5.77,-0.38,-6.61,-10.77,-5.38,-11.61,7.78,5.52,6.75,-2.22,-4.48,-3.25,-7.22,-9.48,-8.25
-42.5,-11.67,-8.20,-2.51,-21.67,-18.20,-12.51,-26.67,-23.20,-17.51,-5.60,-0.95,-3.72,-15.60,-10.95,-13.72,-20.60,-15.95,-18.72,2.32,7.55,9.19,-7.68,-2.45,-0.81,-12.68,-7.45,-5.81
-42.0,-11.12,-11.29,-10.81,-21.12,-21.29,-20.81,-26.12,-26.29,-25.81,2.77,-15.29,0.67,-7.23,-25.29,-9.33,-12.23,-30.29,-14.33,9.44,8.82,16.11,-0.56,-1.18,6.11,-5.56,-6.18,1.11
-41.5,-17.46,-17.87,-21.10,-27.46,-27.87,-31.10,-32.46,-32.87,-36.10,-0.52,-6.82,-4.11,-10.52,-16.82,-14.11,-15.52,-21.82,-19.11,-4.67,8.59,2.02,-14.67,-1.41,-7.98,-19.67,-6.41,-12.98
-41.0,-20.96,-15.37,-21.22,-30.96,-25.37,-31.22,-35.96,-30.37,-36.22,-5.01,-12.39,-4.20,-15.01,-22.39,-14.20,-20.01,-27.39,-19.20,7.55,3.42,1.68,-2.45,-6.58,-8.32,-7.45,-11.58,-13.32
-40.5,-18.03,-25.01,-11.54,-28.03,-35.01,-21.54,-33.03,-40.01,-26.54,-4.76,-8.05,-13.61,-14.76,-18.05,-23.61,-19.76,-23.05,-28.61,4.79,3.16,13.73,-5.21,-6.84,3.73,-10.21,-11.84,-1.27
-40.0,-15.82,-17.90,-12.13,-25.82,-27.90,-22.13,-30.82,-32.90,-27.13,2.86,-11.18,-9.07,-7.14,-21.18,-19.07,-12.14,-26.18,-24.07,-6.85,1.09,4.62,-16.85,-8.91,-5.38,-21.85,-13.91,-10.38
-39.5,-15.99,-11.13,-7.13,-25.99,-21.13,-17.13,-30.99,-26.13,-22.13,11.38,-9.82,0.53,1.38,-19.82,-9.47,-3.62,-24.82,-14.47,14.32,8.29,16.37,4.32,-1.71,6.37,-0.68,-6.71,1.37
-39.0,-9.70,-22.17,-18.24,-19.70,-32.17,-28.24,-24.70,-37.17,-33.24,9.86,-6.43,-6.32,-0.14,-16.43,-16.32,-5.14,-21.43,-21.32,7.33,-3.03,13.46,-2.67,-13.03,3.46,-7.67,-18.03,-1.54
-38.5,-16.47,-16.12,-18.96,-26.47,-26.12,-28.96,-31.47,-31.12,-33.96,-14.48,0.34,-6.87,-24.48,-9.66,-16.87,-29.48,-14.66,-21.87,5.53,-0.08,13.34,-4.47,-10.08,3.34,-9.47,-15.08,-1.66
-38.0,-17.23,-19.56,-10.41,-27.23,-29.56,-20.41,-32.23,-34.56,-25.41,0.53,2.95,-9.63,-9.47,-7.05,-19.63,-14.47,-12.05,-24.63,10.42,7.87,12.33,0.42,-2.13,2.33,-4.58,-7.13,-2.67
-37.5,-25.06,-19.97,-22.92,-35.06,-29.97,-32.92,-40.06,-34.97,-37.92,-0.88,-8.73,-1.63,-10.88,-18.73,-11.63,-15.88,-23.73,-16.63,8.54,7.93,9.68,-1.46,-2.07,-0.32,-6.46,-7.07,-5.32
-37.0,-13.10,-14.17,-21.75,-23.10,-24.17,-31.75,-28.10,-29.17,-36.75,-2.69,-7.56,-10.34,-12.69,-17.56,-20.34,-17.69,-22.56,-25.34,6.45,7.89,-2.96,-3.55,-2.11,-12.96,-8.55,-7.11,-17.96
-36.5,-17.08,-16.06,-9.37,-27.08,-26.06,-19.37,-32.08,-31.06,-24.37,3.11,-16.88,-6.52,-6.89,-26.88,-16.52,-11.89,-31.88,-21.52,8.87,-0.75,12.87,-1.13,-10.75,2.87,-6.13,-15.75,-2.13
-36.0,-22.48,-11.87,-11.47,-32.48,-21.87,-21.47,-37.48,-26.87,-26.47,-1.47,-3.46,3.03,-11.47,-13.46,-6.97,-16.47,-18.46,-11.97,-1.82,0.59,8.98,-11.82,-9.41,-1.02,-16.82,-14.41,-6.02
-35.5,-20.23,-10.94,-20.37,-30.23,-20.94,-30.37,-35.23,-25.94,-35.37,0.13,-17.88,19.78,-9.87,-27.88,9.78,-14.87,-32.88,4.78,5.03,5.64,21.30,-4.97,-4.36,11.30,-9.97,-9.36,6.30
-35.0,-28.50,-12.15,-17.72,-38.50,-22.15,-27.72,-43.50,-27.15,-32.72,4.26,-5.10,18.07,-5.74,-15.10,8.07,-10.74,-20.10,3.07,-1.34,-3.17,15.57,-11.34,-13.17,5.57,-16.34,-18.17,0.57
-34.5,-29.64,-12.00,-10.82,-39.64,-22.00,-20.82,-44.64,-27.00,-25.82,-4.35,2.44,9.93,-14.35,-7.56,-0.07,-19.35,-12.56,-5.07,4.42,11.66,11.45,-5.58,1.66,1.45,-10.58,-3.34,-3.55
-34.0,-22.59,-5.94,-12.57,-32.59,-15.94,-22.57,-37.59,-20.94,-27.57,-8.23,-4.25,3.61,-18.23,-14.25,-6.39,-23.23,-19.25,-11.39,4.58,13.74,0.41,-5.42,3.74,-9.59,-10.42,-1.26,-14.59
-33.5,-14.65,-4.67,-17.71,-24.65,-14.67,-27.71,-29.65,-19.67,-32.71,-1.94,1.80,-11.12,-11.94,-8.20,-21.12,-16.94,-13.20,-26.12,6.09,16.79,-2.22,-3.91,6.79,-12.22,-8.91,1.79,-17.22
-33.0,-13.86,-7.12,-18.91,-23.86,-17.12,-28.91,-28.86,-22.12,-33.91,-2.67,5.41,-11.94,-12.67,-4.59,-21.94,-17.67,-9.59,-26.94,-0.31,6.03,9.11,-10.31,-3.97,-0.89,-15.31,-8.97,-5.89
-32.5,-30.49,-7.26,-17.19,-40.49,-17.26,-27.19,-45.49,-22.26,-32.19,-7.18,3.95,-21.81,-17.18,-6.05,-31.81,-22.18,-11.05,-36.81,-3.99,9.69,-2.63,-13.99,-0.31,-12.63,-18.99,-5.31,-17.63
-32.0,-13.41,-10.26,-16.24,-23.41,-20.26,-26.24,-28.41,-25.26,-31.24,-11.92,4.87,-11.73,-21.92,-5.13,-21.73,-26.92,-10.13,-26.73,-0.52,-3.27,-2.64,-10.52,-13.27,-12.64,-15.52,-18.27,-17.64
-31.5,-14.79,-7.66,-11.24,-24.79,-17.66,-21.24,-29.79,-22.66,-26.24,-12.91,4.32,-1.49,-22.91,-5.68,-11.49,-27.91,-10.68,-16.49,4.48,12.72,12.83,-5.52,2.72,2.83,-10.52,-2.28,-2.17
-31.0,-32.36,-8.49,-9.54,-42.36,-18.49,-19.54,-47.36,-23.49,-24.54,-16.86,7.52,5.55,-26.86,-2.48,-4.45,-31.86,-7.48,-9.45,10.07,11.23,4.98,0.07,1.23,-5.02,-4.93,-3.77,-10.02
-30.5,-19.04,-16.12,-12.53,-29.04,-26.12,-22.53,-34.04,-31.12,-27.53,-12.18,15.83,-10.09,-22.18,5.83,-20.09,-27.18,0.83,-25.09,11.59,15.14,3.81,1.59,5.14,-6.19,-3.41,0.14,-11.19
-30.0,-20.52,-21.45,-9.07,-30.52,-31.45,-19.07,-35.52,-36.45,-24.07,-10.37,6.23,-27.25,-20.37,-3.77,-37.25,-25.37,-8.77,-42.25,8.22,8.52,7.39,-1.78,-1.48,-2.61,-6.78,-6.48,-7.61
-29.5,-14.20,-19.31,-8.68,-24.20,-29.31,-18.68,-29.20,-34.31,-23.68,-14.18,3.42,-4.28,-24.18,-6.58,-14.28,-29.18,-11.58,-19.28,12.07,9.06,3.93,2.07,-0.94,-6.07,-2.93,-5.94,-11.07
-29.0,-15.46,-22.27,-10.42,-25.46,-32.27,-20.42,-30.46,-37.27,-25.42,-20.90,-3.76,2.78,-30.90,-13.76,-7.22,-35.90,-18.76,-12.22,4.05,3.59,2.87,-5.95,-6.41,-7.13,-10.95,-11.41,-12.13
-28.5,-28.20,-14.27,-1.37,-38.20,-24.27,-11.37,-43.20,-29.27,-16.37,-10.16,7.30,7.12,-20.16,-2.70,-2.88,-25.16,-7.70,-7.88,3.46,10.49,12.63,-6.54,0.49,2.63,-11.54,-4.51,-2.37
-28.0,-12.65,-20.63,-2.74,-22.65,-30.63,-12.74,-27.65,-35.63,-17.74,-10.01,-2.28,4.74,-20.01,-12.28,-5.26,-25.01,-17.28,-10.26,5.70,6.44,11.08,-4.30,-3.56,1.08,-9.30,-8.56,-3.92
-27.5,-15.70,-16.65,-5.46,-25.70,-26.65,-15.46,-30.70,-31.65,-20.46,-15.57,4.91,1.81,-25.57,-5.09,-8.19,-30.57,-10.09,-13.19,7.57,9.68,20.25,-2.43,-0.32,10.25,-7.43,-5.32,5.25
-27.0,-14.28,-15.44,-8.14,-24.28,-25.44,-18.14,-29.28,-30.44,-23.14,-16.01,1.62,5.52,-26.01,-8.38,-4.48,-31.01,-13.38,-9.48,6.93,11.44,11.70,-3.07,1.44,1.70,-8.07,-3.56,-3.30
-26.5,-13.89,-12.97,-11.51,-23.89,-22.97,-21.51,-28.89,-27.97,-26.51,-19.53,1.08,-2.91,-29.53,-8.92,-12.91,-34.53,-13.92,-17.91,8.79,3.94,-1.77,-1.21,-6.06,-11.77,-6.21,-11.06,-16.77
-26.0,-23.57,-17.49,-20.83,-33.57,-27.49,-30.83,-38.57,-32.49,-35.83,-0.46,2.82,1.51,-10.46,-7.18,-8.49,-15.46,-12.18,-13.49,11.12,14.32,7.51,1.12,4.32,-2.49,-3.88,-0.68,-7.49
-25.5,-30.83,-11.10,-17.80,-40.83,-21.10,-27.80,-45.83,-26.10,-32.80,-4.30,-2.08,7.35,-14.30,-12.08,-2.65,-19.30,-17.08,-7.65,3.67,3.51,13.29,-6.33,-6.49,3.29,-11.33,-11.49,-1.71
-25.0,-25.37,-17.62,-10.18,-35.37,-27.62,-20.18,-40.37,-32.62,-25.18,-9.44,-9.95,14.03,-19.44,-19.95,4.03,-24.44,-24.95,-0.97,6.40,12.98,14.51,-3.60,2.98,4.51,-8.60,-2.02,-0.49
-24.5,-38.88,-26.12,-14.28,-48.88,-36.12,-24.28,-53.88,-41.12,-29.28,-17.22,-12.94,1.59,-27.22,-22.94,-8.41,-32.22,-27.94,-13.41,7.88,7.80,7.66,-2.12,-2.20,-2.34,-7.12,-7.20,-7.34
-24.0,-30.63,-20.15,-10.84,-40.63,-30.15,-20.84,-45.63,-35.15,-25.84,-8.84,-7.42,-2.37,-18.84,-17.42,-12.37,-23.84,-22.42,-17.37,7.24,5.66,12.07,-2.76,-4.34,2.07,-7.76,-9.34,-2.93
-23.5,-34.03,-15.62,-10.04,-44.03,-25.62,-20.04,-49.03,-30.62,-25.04,-11.19,-3.27,7.71,-21.19,-13.27,-2.29,-26.19,-18.27,-7.29,8.55,5.46,12.53,-1.45,-4.54,2.53,-6.45,-9.54,-2.47
-23.0,-25.95,-17.03,-16.79,-35.95,-27.03,-26.79,-40.95,-32.03,-31.79,-6.75,-19.29,-4.80,-16.75,-29.29,-14.80,-21.75,-34.29,-19.80,10.16,11.05,14.41,0.16,1.05,4.41,-4.84,-3.95,-0.59
-22.5,-14.88,-23.93,-18.80,-24.88,-33.93,-28.80,-29.88,-38.93,-33.80,-19.76,-7.90,-5.21,-29.76,-17.90,-15.21,-34.76,-22.90,-20.21,8.58,14.26,16.43,-1.42,4.26,6.43,-6.42,-0.74,1.43
-22.0,-13.76,-14.16,-9.59,-23.76,-24.16,-19.59,-28.76,-29.16,-24.59,-25.17,-11.00,8.04,-35.17,-21.00,-1.96,-40.17,-26.00,-6.96,9.21,14.66,15.68,-0.79,4.66,5.68,-5.79,-0.34,0.68
-21.5,-14.98,-8.76,-17.73,-24.98,-18.76,-27.73,-29.98,-23.76,-32.73,-12.18,-4.89,9.09,-22.18,-14.89,-0.91,-27.18,-19.89,-5.91,14.22,6.05,17.82,4.22,-3.95,7.82,-0.78,-8.95,2.82
-21.0,-12.51,-6.09,-41.54,-22.51,-16.09,-51.54,-27.51,-21.09,-56.54,-16.37,-6.73,5.59,-26.37,-16.73,-4.41,-31.37,-21.73,-9.41,10.78,14.67,17.10,0.78,4.67,7.10,-4.22,-0.33,2.10
-20.5,-16.99,-13.54,-18.71,-26.99,-23.54,-28.71,-31.99,-28.54,-33.71,-1.65,-2.80,9.00,-11.65,-12.80,-1.00,-16.65,-17.80,-6.00,11.44,15.39,11.97,1.44,5.39,1.97,-3.56,0.39,-3.03
-20.0,-17.93,-10.25,-15.23,-27.93,-20.25,-25.23,-32.93,-25.25,-30.23,-9.28,2.54,1.34,-19.28,-7.46,-8.66,-24.28,-12.46,-13.66,11.61,14.23,17.83,1.61,4.23,7.83,-3.39,-0.77,2.83
-19.5,-20.22,-9.86,-8.84,-30.22,-19.86,-18.84,-35.22,-24.86,-23.84,-17.57,-6.58,-3.65,-27.57,-16.58,-13.65,-32.57,-21.58,-18.65,13.08,11.14,18.62,3.08,1.14,8.62,-1.92,-3.86,3.62
-19.0,-17.78,-24.88,-12.09,-27.78,-34.88,-22.09,-32.78,-39.88,-27.09,-12.32,-6.11,-12.68,-22.32,-16.11,-22.68,-27.32,-21.11,-27.68,12.91,12.86,10.20,2.91,2.86,0.20,-2.09,-2.14,-4.80
-18.5,-13.31,-11.43,-11.08,-23.31,-21.43,-21.08,-28.31,-26.43,-26.08,-6.60,-6.82,-8.97,-16.60,-16.82,-18.97,-21.60,-21.82,-23.97,12.31,17.75,13.93,2.31,7.75,3.93,-2.69,2.75,-1.07
-18.0,-14.76,-15.86,-13.18,-24.76,-25.86,-23.18,-29.76,-30.86,-28.18,-13.21,-12.77,-18.05,-23.21,-22.77,-28.05,-28.21,-27.77,-33.05,10.44,17.77,14.85,0.44,7.77,4.85,-4.56,2.77,-0.15
-17.5,-12.84,-14.51,-8.43,-22.84,-24.51,-18.43,-27.84,-29.51,-23.43,-20.25,-12.36,-4.19,-30.25,-22.36,-14.19,-35.25,-27.36,-19.19,11.53,13.54,13.99,1.53,3.54,3.99,-3.47,-1.46,-1.01
-17.0,-21.23,-16.88,-16.09,-31.23,-26.88,-26.09,-36.23,-31.88,-31.09,-6.21,-10.03,4.58,-16.21,-20.03,-5.42,-21.21,-25.03,-10.42,15.70,14.62,11.03,5.70,4.62,1.03,0.70,-0.38,-3.97
-16.5,-13.27,-34.59,-20.74,-23.27,-44.59,-30.74,-28.27,-49.59,-35.74,-2.70,-10.63,-8.18,-12.70,-20.63,-18.18,-17.70,-25.63,-23.18,17.51,17.75,16.41,7.51,7.75,6.41,2.51,2.75,1.41
-16.0,-9.41,-16.52,-15.55,-19.41,-26.52,-25.55,-24.41,-31.52,-30.55,-9.38,-4.37,-9.69,-19.38,-14.37,-19.69,-24.38,-19.37,-24.69,17.30,18.13,15.71,7.30,8.13,5.71,2.30,3.13,0.71
-15.5,-12.45,-9.28,-16.73,-22.45,-19.28,-26.73,-27.45,-24.28,-31.73,-16.17,-7.07,-10.49,-26.17,-17.07,-20.49,-31.17,-22.07,-25.49,17.87,16.65,14.49,7.87,6.65,4.49,2.87,1.65,-0.51
-15.0,-14.43,-15.56,-14.01,-24.43,-25.56,-24.01,-29.43,-30.56,-29.01,-23.90,-8.99,-19.92,-33.90,-18.99,-29.92,-38.90,-23.99,-34.92,14.34,14.49,15.25,4.34,4.49,5.25,-0.66,-0.51,0.25
-14.5,-18.18,-20.11,-16.56,-28.18,-30.11,-26.56,-33.18,-35.11,-31.56,-7.52,-3.94,-7.15,-17.52,-13.94,-17.15,-22.52,-18.94,-22.15,17.02,11.36,16.88,7.02,1.36,6.88,2.02,-3.64,1.88
-14.0,-15.48,-15.01,-9.78,-25.48,-25.01,-19.78,-30.48,-30.01,-24.78,-25.65,-6.16,-3.76,-35.65,-16.16,-13.76,-40.65,-21.16,-18.76,12.29,12.36,15.68,2.29,2.36,5.68,-2.71,-2.64,0.68
-13.5,-10.91,-12.02,-7.71,-20.91,-22.02,-17.71,-25.91,-27.02,-22.71,-12.51,-12.41,-8.46,-22.51,-22.41,-18.46,-27.51,-27.41,-23.46,10.98,12.84,12.83,0.98,2.84,2.83,-4.02,-2.16,-2.17
-13.0,-21.43,-10.06,-13.44,-31.43,-20.06,-23.44,-36.43,-25.06,-28.44,-12.11,-0.03,-6.45,-22.11,-10.03,-16.45,-27.11,-15.03,-21.45,6.99,7.70,13.32,-3.01,-2.30,3.32,-8.01,-7.30,-1.68
-12.5,-22.55,-13.47,-24.16,-32.55,-23.47,-34.16,-37.55,-28.47,-39.16,-8.19,-2.30,-7.28,-18.19,-12.30,-17.28,-23.19,-17.30,-22.28,3.92,10.37,7.81,-6.08,0.37,-2.19,-11.08,-4.63,-7.19
-12.0,-22.15,-20.22,-11.21,-32.15,-30.22,-21.21,-37.15,-35.22,-26.21,-14.15,-4.73,-4.79,-24.15,-14.73,-14.79,-29.15,-19.73,-19.79,7.50,5.67,6.68,-2.50,-4.33,-3.32,-7.50,-9.33,-8.32
-11.5,-16.32,-17.47,-10.96,-26.32,-27.47,-20.96,-31.32,-32.47,-25.96,-21.33,-12.70,-12.71,-31.33,-22.70,-22.71,-36.33,-27.70,-27.71,10.79,-3.33,4.51,0.79,-13.33,-5.49,-4.21,-18.33,-10.49
-11.0,-10.63,-15.81,-9.76,-20.63,-25.81,-19.76,-25.63,-30.81,-24.76,-19.89,-12.44,-24.06,-29.89,-22.44,-34.06,-34.89,-27.44,-39.06,-3.03,1.47,-5.49,-13.03,-8.53,-15.49,-18.03,-13.53,-20.49
-10.5,-4.98,-22.98,-7.84,-14.98,-32.98,-17.84,-19.98,-37.98,-22.84,-23.42,-14.52,-22.25,-33.42,-24.52,-32.25,-38.42,-29.52,-37.25,5.99,-6.09,8.11,-4.01,-16.09,-1.89,-9.01,-21.09,-6.89
-10.0,-10.53,-20.00,-9.13,-20.53,-30.00,-19.13,-25.53,-35.00,-24.13,-8.85,-5.69,-9.03,-18.85,-15.69,-19.03,-23.85,-20.69,-24.03,8.58,0.07,4.60,-1.42,-9.93,-5.40,-6.42,-14.93,-10.40
-9.5,-11.68,-10.67,-13.36,-21.68,-20.67,-23.36,-26.68,-25.67,-28.36,-9.32,-9.38,-10.89,-19.32,-19.38,-20.89,-24.32,-24.38,-25.89,6.85,-8.54,-9.34,-3.15,-18.54,-19.34,-8.15,-23.54,-24.34
-9.0,-8.75,-22.38,-8.64,-18.75,-32.38,-18.64,-23.75,-37.38,-23.64,-21.17,-9.64,-9.39,-31.17,-19.64,-19.39,-36.17,-24.64,-24.39,0.50,7.76,9.13,-9.50,-2.24,-0.87,-14.50,-7.24,-5.87
-8.5,-22.86,-4.22,-22.07,-32.86,-14.22,-32.07,-37.86,-19.22,-37.07,-11.10,-6.03,-10.91,-21.10,-16.03,-20.91,-26.10,-21.03,-25.91,5.61,-4.69,7.71,-4.39,-14.69,-2.29,-9.39,-19.69,-7.29
-8.0,-12.88,-10.43,-17.26,-22.88,-20.43,-27.26,-27.88,-25.43,-32.26,-11.14,-1.22,-4.10,-21.14,-11.22,-14.10,-26.14,-16.22,-19.10,4.97,5.48,6.99,-5.03,-4.52,-3.01,-10.03,-9.52,-8.01
-7.5,-14.98,-6.50,-13.34,-24.98,-16.50,-23.34,-29.98,-21.50,-28.34,-15.39,-10.70,-4.96,-25.39,-20.70,-14.96,-30.39,-25.70,-19.96,-1.67,11.92,5.18,-11.67,1.92,-4.82,-16.67,-3.08,-9.82
-7.0,-11.67,-10.46,-17.89,-21.67,-20.46,-27.89,-26.67,-25.46,-32.89,0.35,0.79,-2.93,-9.65,-9.21,-12.93,-14.65,-14.21,-17.93,11.84,11.74,3.24,1.84,1.74,-6.76,-3.16,-3.26,-11.76
-6.5,-4.42,-9.83,-6.64,-14.42,-19.83,-16.64,-19.42,-24.83,-21.64,-12.82,0.92,-29.59,-22.82,-9.08,-39.59,-27.82,-14.08,-44.59,4.88,8.54,12.97,-5.12,-1.46,2.97,-10.12,-6.46,-2.03
-6.0,-0.90,-8.07,-16.87,-10.90,-18.07,-26.87,-15.90,-23.07,-31.87,-18.63,1.94,-6.58,-28.63,-8.06,-16.58,-33.63,-13.06,-21.58,11.01,10.41,5.43,1.01,0.41,-4.57,-3.99,-4.59,-9.57
-5.5,-7.30,-7.85,-3.63,-17.30,-17.85,-13.63,-22.30,-22.85,-18.63,-6.99,-2.61,-0.66,-16.99,-12.61,-10.66,-21.99,-17.61,-15.66,6.50,10.53,12.45,-3.50,0.53,2.45,-8.50,-4.47,-2.55
-5.0,-5.01,-2.41,-9.24,-15.01,-12.41,-19.24,-20.01,-17.41,-24.24,1.58,-19.86,1.90,-8.42,-29.86,-8.10,-13.42,-34.86,-13.10,13.20,14.02,15.44,3.20,4.02,5.44,-1.80,-0.98,0.44
-4.5,-6.34,-3.09,-1.42,-16.34,-13.09,-11.42,-21.34,-18.09,-16.42,-6.91,-8.87,-15.36,-16.91,-18.87,-25.36,-21.91,-23.87,-30.36,19.71,16.66,16.96,9.71,6.66,6.96,4.71,1.66,1.96
-4.0,-8.15,-6.87,-4.33,-18.15,-16.87,-14.33,-23.15,-21.87,-19.33,8.00,6.82,-12.98,-2.00,-3.18,-22.98,-7.00,-8.18,-27.98,22.74,23.94,21.06,12.74,13.94,11.06,7.74,8.94,6.06
-3.5,-9.29,-12.88,-3.30,-19.29,-22.88,-13.30,-24.29,-27.88,-18.30,4.60,-21.79,3.82,-5.40,-31.79,-6.18,-10.40,-36.79,-11.18,18.63,19.87,24.42,8.63,9.87,14.42,3.63,4.87,9.42
-3.0,-1.38,-8.60,-13.17,-11.38,-18.60,-23.17,-16.38,-23.60,-28.17,5.58,4.46,0.79,-4.42,-5.54,-9.21,-9.42,-10.54,-14.21,21.57,18.68,24.59,11.57,8.68,14.59,6.57,3.68,9.59
-2.5,1.73,0.23,3.35,-8.27,-9.77,-6.65,-13.27,-14.77,-11.65,9.48,9.72,7.11,-0.52,-0.28,-2.89,-5.52,-5.28,-7.89,22.65,21.13,21.88,12.65,11.13,11.88,7.65,6.13,6.88
-2.0,0.59,5.45,2.53,-9.41,-4.55,-7.47,-14.41,-9.55,-12.47,9.28,12.16,6.54,-0.72,2.16,-3.46,-5.72,-2.84,-8.46,24.67,30.08,23.55,14.67,20.08,13.55,9.67,15.08,8.55
-1.5,7.31,-8.91,4.95,-2.69,-18.91,-5.05,-7.69,-23.91,-10.05,17.47,13.45,12.66,7.47,3.45,2.66,2.47,-1.55,-2.34,19.23,11.94,26.30,9.23,1.94,16.30,4.23,-3.06,11.30
-1.0,10.58,-7.02,1.47,0.58,-17.02,-8.53,-4.42,-22.02,-13.53,14.14,15.02,20.74,4.14,5.02,10.74,-0.86,0.02,5.74,22.13,32.46,21.33,12.13,22.46,11.33,7.13,17.46,6.33
-0.5,15.73,13.68,15.41,5.73,3.68,5.41,0.73,-1.32,0.41,39.62,37.04,33.29,29.62,27.04,23.29,24.62,22.04,18.29,38.27,41.55,38.19,28.27,31.55,28.19,23.27,26.55,23.19
0.0,17.73,18.46,21.52,7.73,8.46,11.52,2.73,3.46,6.52,46.36,48.15,49.83,36.36,38.15,39.83,31.36,33.15,34.83,49.06,53.19,54.34,39.06,43.19,44.34,34.06,38.19,39.34
0.5,15.10,13.73,15.59,5.10,3.73,5.59,0.10,-1.27,0.59,39.61,37.04,33.37,29.61,27.04,23.37,24.61,22.04,18.37,38.20,41.47,38.28,28.20,31.47,28.28,23.20,26.47,23.28
1.0,8.08,-8.90,6.09,-1.92,-18.90,-3.91,-6.92,-23.90,-8.91,13.78,14.82,21.17,3.78,4.82,11.17,-1.22,-0.18,6.17,22.85,32.29,21.57,12.85,22.29,11.57,7.85,17.29,6.57
1.5,5.66,-20.66,1.79,-4.34,-30.66,-8.21,-9.34,-35.66,-13.21,17.38,12.83,13.04,7.38,2.83,3.04,2.38,-2.17,-1.96,18.73,12.18,26.84,8.73,2.18,16.84,3.73,-2.82,11.84
2.0,2.04,6.28,2.15,-7.96,-3.72,-7.85,-12.96,-8.72,-12.85,8.80,12.39,6.67,-1.20,2.39,-3.33,-6.20,-2.61,-8.33,24.44,29.64,23.01,14.44,19.64,13.01,9.44,14.64,8.01
2.5,3.01,1.62,5.42,-6.99,-8.38,-4.58,-11.99,-13.38,-9.58,9.66,10.23,8.08,-0.34,0.23,-1.92,-5.34,-4.77,-6.92,22.46,20.47,20.85,12.46,10.47,10.85,7.46,5.47,5.85
3.0,-0.73,-8.37,-14.46,-10.73,-18.37,-24.46,-15.73,-23.37,-29.46,5.73,3.66,0.91,-4.27,-6.34,-9.09,-9.27,-11.34,-14.09,21.68,19.18,24.68,11.68,9.18,14.68,6.68,4.18,9.68
3.5,-6.38,-10.32,-3.29,-16.38,-20.32,-13.29,-21.38,-25.32,-18.29,5.12,-9.59,4.41,-4.88,-19.59,-5.59,-9.88,-24.59,-10.59,18.37,19.70,24.56,8.37,9.70,14.56,3.37,4.70,9.56
4.0,-5.27,-4.86,-4.85,-15.27,-14.86,-14.85,-20.27,-19.86,-19.85,7.61,7.31,-16.93,-2.39,-2.69,-26.93,-7.39,-7.69,-31.93,22.81,23.97,21.11,12.81,13.97,11.11,7.81,8.97,6.11
4.5,-7.15,-2.16,0.63,-17.15,-12.16,-9.37,-22.15,-17.16,-14.37,-7.11,-12.30,-17.37,-17.11,-22.30,-27.37,-22.11,-27.30,-32.37,19.63,17.12,16.90,9.63,7.12,6.90,4.63,2.12,1.90
5.0,-5.56,-1.96,-7.04,-15.56,-11.96,-17.04,-20.56,-16.96,-22.04,2.71,-14.74,2.10,-7.29,-24.74,-7.90,-12.29,-29.74,-12.90,13.93,14.41,15.65,3.93,4.41,5.65,-1.07,-0.59,0.65
5.5,-6.25,-8.59,-3.75,-16.25,-18.59,-13.75,-21.25,-23.59,-18.75,-4.75,-1.38,-1.72,-14.75,-11.38,-11.72,-19.75,-16.38,-16.72,7.45,10.30,13.72,-2.55,0.30,3.72,-7.55,-4.70,-1.28
6.0,-0.59,-9.56,-12.43,-10.59,-19.56,-22.43,-15.59,-24.56,-27.43,-24.04,1.63,-6.04,-34.04,-8.37,-16.04,-39.04,-13.37,-21.04,10.39,10.80,4.99,0.39,0.80,-5.01,-4.61,-4.20,-10.01
6.5,-4.13,-10.31,-11.21,-14.13,-20.31,-21.21,-19.13,-25.31,-26.21,-15.00,0.01,-20.52,-25.00,-9.99,-30.52,-30.00,-14.99,-35.52,4.58,7.77,12.06,-5.42,-2.23,2.06,-10.42,-7.23,-2.94
7.0,-11.78,-11.24,-11.57,-21.78,-21.24,-21.57,-26.78,-26.24,-26.57,0.69,0.43,-2.15,-9.31,-9.57,-12.15,-14.31,-14.57,-17.15,11.43,11.45,2.29,1.43,1.45,-7.71,-3.57,-3.55,-12.71
7.5,-15.42,-6.52,-14.39,-25.42,-16.52,-24.39,-30.42,-21.52,-29.39,-16.34,-12.91,-5.40,-26.34,-22.91,-15.40,-31.34,-27.91,-20.40,1.37,11.90,1.75,-8.63,1.90,-8.25,-13.63,-3.10,-13.25
8.0,-13.12,-9.87,-16.82,-23.12,-19.87,-26.82,-28.12,-24.87,-31.82,-8.28,-0.86,-4.22,-18.28,-10.86,-14.22,-23.28,-15.86,-19.22,3.66,7.43,9.22,-6.34,-2.57,-0.78,-11.34,-7.57,-5.78
8.5,-21.93,-5.75,-12.85,-31.93,-15.75,-22.85,-36.93,-20.75,-27.85,-9.70,-7.57,-8.40,-19.70,-17.57,-18.40,-24.70,-22.57,-23.40,6.31,-5.08,7.20,-3.69,-15.08,-2.80,-8.69,-20.08,-7.80
9.0,-8.11,-16.74,-14.60,-18.11,-26.74,-24.60,-23.11,-31.74,-29.60,-12.10,-13.29,-18.92,-22.10,-23.29,-28.92,-27.10,-28.29,-33.92,3.85,7.18,8.73,-6.15,-2.82,-1.27,-11.15,-7.82,-6.27
9.5,-10.93,-10.27,-8.04,-20.93,-20.27,-18.04,-25.93,-25.27,-23.04,-6.63,-10.16,-16.79,-16.63,-20.16,-26.79,-21.63,-25.16,-31.79,7.37,-10.04,-1.24,-2.63,-20.04,-11.24,-7.63,-25.04,-16.24
10.0,-10.42,-15.24,-8.79,-20.42,-25.24,-18.79,-25.42,-30.24,-23.79,-9.50,-5.89,-13.50,-19.50,-15.89,-23.50,-24.50,-20.89,-28.50,8.85,-0.89,5.08,-1.15,-10.89,-4.92,-6.15,-15.89,-9.92
10.5,-5.15,-16.75,-7.94,-15.15,-26.75,-17.94,-20.15,-31.75,-22.94,-25.00,-7.87,-11.92,-35.00,-17.87,-21.92,-40.00,-22.87,-26.92,4.96,-4.09,5.69,-5.04,-14.09,-4.31,-10.04,-19.09,-9.31
11.0,-11.33,-13.74,-4.78,-21.33,-23.74,-14.78,-26.33,-28.74,-19.78,-13.46,-8.42,-6.50,-23.46,-18.42,-16.50,-28.46,-23.42,-21.50,-7.46,-0.18,1.73,-17.46,-10.18,-8.27,-22.46,-15.18,-13.27
11.5,-16.38,-13.42,-14.75,-26.38,-23.42,-24.75,-31.38,-28.42,-29.75,-15.87,-9.52,-12.97,-25.87,-19.52,-22.97,-30.87,-24.52,-27.97,11.04,2.08,6.96,1.04,-7.92,-3.04,-3.96,-12.92,-8.04
12.0,-21.19,-18.07,-9.94,-31.19,-28.07,-19.94,-36.19,-33.07,-24.94,-18.06,-3.69,-13.88,-28.06,-13.69,-23.88,-33.06,-18.69,-28.88,6.95,6.81,3.22,-3.05,-3.19,-6.78,-8.05,-8.19,-11.78
12.5,-25.93,-15.07,-14.72,-35.93,-25.07,-24.72,-40.93,-30.07,-29.72,-6.39,-2.58,-7.50,-16.39,-12.58,-17.50,-21.39,-17.58,-22.50,3.93,10.91,5.45,-6.07,0.91,-4.55,-11.07,-4.09,-9.55
13.0,-19.27,-10.46,-10.62,-29.27,-20.46,-20.62,-34.27,-25.46,-25.62,-12.25,-0.02,-6.68,-22.25,-10.02,-16.68,-27.25,-15.02,-21.68,6.83,6.27,12.64,-3.17,-3.73,2.64,-8.17,-8.73,-2.36
13.5,-11.09,-12.80,-7.05,-21.09,-22.80,-17.05,-26.09,-27.80,-22.05,-9.84,-13.00,-9.26,-19.84,-23.00,-19.26,-24.84,-28.00,-24.26,10.95,13.75,15.47,0.95,3.75,5.47,-4.05,-1.25,0.47
14.0,-15.18,-14.57,-20.88,-25.18,-24.57,-30.88,-30.18,-29.57,-35.88,-8.92,-8.16,-3.55,-18.92,-18.16,-13.55,-23.92,-23.16,-18.55,12.26,13.82,16.42,2.26,3.82,6.42,-2.74,-1.18,1.42
14.5,-19.18,-19.22,-14.99,-29.18,-29.22,-24.99,-34.18,-34.22,-29.99,-5.73,-2.66,-7.02,-15.73,-12.66,-17.02,-20.73,-17.66,-22.02,17.74,12.67,17.87,7.74,2.67,7.87,2.74,-2.33,2.87
15.0,-14.95,-16.25,-19.48,-24.95,-26.25,-29.48,-29.95,-31.25,-34.48,-11.65,-1.91,-1.79,-21.65,-11.91,-11.79,-26.65,-16.91,-16.79,14.32,16.12,16.53,4.32,6.12,6.53,-0.68,1.12,1.53
15.5,-13.48,-10.45,-19.96,-23.48,-20.45,-29.96,-28.48,-25.45,-34.96,-8.05,-10.24,-15.82,-18.05,-20.24,-25.82,-23.05,-25.24,-30.82,17.70,16.47,15.48,7.70,6.47,5.48,2.70,1.47,0.48
16.0,-9.31,-11.11,-15.54,-19.31,-21.11,-25.54,-24.31,-26.11,-30.54,-4.92,-1.49,-1.11,-14.92,-11.49,-11.11,-19.92,-16.49,-16.11,17.09,18.52,15.99,7.09,8.52,5.99,2.09,3.52,0.99
16.5,-14.16,-10.83,-22.48,-24.16,-20.83,-32.48,-29.16,-25.83,-37.48,-0.89,-5.17,-6.19,-10.89,-15.17,-16.19,-15.89,-20.17,-21.19,17.83,16.11,17.44,7.83,6.11,7.44,2.83,1.11,2.44
17.0,-18.72,-14.54,-14.78,-28.72,-24.54,-24.78,-33.72,-29.54,-29.78,-12.41,-5.31,2.20,-22.41,-15.31,-7.80,-27.41,-20.31,-12.80,14.62,14.82,8.53,4.62,4.82,-1.47,-0.38,-0.18,-6.47
17.5,-12.96,-15.40,-8.78,-22.96,-25.40,-18.78,-27.96,-30.40,-23.78,-13.34,-14.53,-1.93,-23.34,-24.53,-11.93,-28.34,-29.53,-16.93,11.55,14.66,16.25,1.55,4.66,6.25,-3.45,-0.34,1.25
18.0,-15.04,-11.79,-13.90,-25.04,-21.79,-23.90,-30.04,-26.79,-28.90,-11.92,-8.41,0.29,-21.92,-18.41,-9.71,-26.92,-23.41,-14.71,11.68,16.74,16.54,1.68,6.74,6.54,-3.32,1.74,1.54
18.5,-12.63,-11.25,-17.16,-22.63,-21.25,-27.16,-27.63,-26.25,-32.16,-10.76,-4.99,-3.62,-20.76,-14.99,-13.62,-25.76,-19.99,-18.62,13.35,17.58,15.18,3.35,7.58,5.18,-1.65,2.58,0.18
19.0,-15.63,-24.05,-11.49,-25.63,-34.05,-21.49,-30.63,-39.05,-26.49,-14.31,-2.55,-7.73,-24.31,-12.55,-17.73,-29.31,-17.55,-22.73,14.83,13.42,12.32,4.83,3.42,2.32,-0.17,-1.58,-2.68
19.5,-24.92,-11.85,-7.66,-34.92,-21.85,-17.66,-39.92,-26.85,-22.66,-14.70,-8.65,-13.18,-24.70,-18.65,-23.18,-29.70,-23.65,-28.18,12.31,12.88,13.60,2.31,2.88,3.60,-2.69,-2.12,-1.40
20.0,-22.20,-16.62,-15.23,-32.20,-26.62,-25.23,-37.20,-31.62,-30.23,-11.92,1.15,-0.39,-21.92,-8.85,-10.39,-26.92,-13.85,-15.39,10.90,14.12,18.97,0.90,4.12,8.97,-4.10,-0.88,3.97
20.5,-15.37,-15.29,-17.56,-25.37,-25.29,-27.56,-30.37,-30.29,-32.56,-4.44,-0.59,7.84,-14.44,-10.59,-2.16,-19.44,-15.59,-7.16,10.64,16.71,13.65,0.64,6.71,3.65,-4.36,1.71,-1.35
21.0,-11.51,-7.94,-12.95,-21.51,-17.94,-22.95,-26.51,-22.94,-27.95,-11.03,-8.31,6.82,-21.03,-18.31,-3.18,-26.03,-23.31,-8.18,12.51,13.84,17.06,2.51,3.84,7.06,-2.49,-1.16,2.06
21.5,-22.08,-9.31,-11.16,-32.08,-19.31,-21.16,-37.08,-24.31,-26.16,-16.21,-6.30,1.27,-26.21,-16.30,-8.73,-31.21,-21.30,-13.73,13.48,2.06,17.11,3.48,-7.94,7.11,-1.52,-12.94,2.11
22.0,-14.58,-11.43,-15.52,-24.58,-21.43,-25.52,-29.58,-26.43,-30.52,-10.91,-6.79,5.02,-20.91,-16.79,-4.98,-25.91,-21.79,-9.98,8.98,14.20,13.65,-1.02,4.20,3.65,-6.02,-0.80,-1.35
22.5,-13.85,-17.23,-24.25,-23.85,-27.23,-34.25,-28.85,-32.23,-39.25,-9.21,-3.54,6.49,-19.21,-13.54,-3.51,-24.21,-18.54,-8.51,11.33,14.32,18.87,1.33,4.32,8.87,-3.67,-0.68,3.87
23.0,-23.59,-15.31,-20.35,-33.59,-25.31,-30.35,-38.59,-30.31,-35.35,-9.84,-20.27,6.74,-19.84,-30.27,-3.26,-24.84,-35.27,-8.26,7.08,11.01,10.73,-2.92,1.01,0.73,-7.92,-3.99,-4.27
23.5,-20.22,-13.24,-16.41,-30.22,-23.24,-26.41,-35.22,-28.24,-31.41,-9.43,-1.70,10.86,-19.43,-11.70,0.86,-24.43,-16.70,-4.14,8.43,5.45,17.26,-1.57,-4.55,7.26,-6.57,-9.55,2.26
24.0,-32.88,-20.33,-11.51,-42.88,-30.33,-21.51,-47.88,-35.33,-26.51,-10.31,-17.09,4.50,-20.31,-27.09,-5.50,-25.31,-32.09,-10.50,10.57,8.28,14.06,0.57,-1.72,4.06,-4.43,-6.72,-0.94
24.5,-22.89,-31.72,-6.88,-32.89,-41.72,-16.88,-37.89,-46.72,-21.88,-14.91,-9.71,0.83,-24.91,-19.71,-9.17,-29.91,-24.71,-14.17,8.80,9.68,12.79,-1.20,-0.32,2.79,-6.20,-5.32,-2.21
25.0,-19.58,-23.62,-11.77,-29.58,-33.62,-21.77,-34.58,-38.62,-26.77,-8.31,-16.80,16.09,-18.31,-26.80,6.09,-23.31,-31.80,1.09,8.08,13.53,18.57,-1.92,3.53,8.57,-6.92,-1.47,3.57
25.5,-26.67,-12.58,-16.68,-36.67,-22.58,-26.68,-41.67,-27.58,-31.68,-2.03,-1.53,-0.85,-12.03,-11.53,-10.85,-17.03,-16.53,-15.85,7.27,5.08,15.78,-2.73,-4.92,5.78,-7.73,-9.92,0.78
26.0,-20.49,-10.43,-29.08,-30.49,-20.43,-39.08,-35.49,-25.43,-44.08,-12.83,2.05,3.26,-22.83,-7.95,-6.74,-27.83,-12.95,-11.74,6.07,11.74,13.78,-3.93,1.74,3.78,-8.93,-3.26,-1.22
26.5,-12.08,-19.87,-7.10,-22.08,-29.87,-17.10,-27.08,-34.87,-22.10,-14.40,-8.24,1.25,-24.40,-18.24,-8.75,-29.40,-23.24,-13.75,10.05,11.20,6.46,0.05,1.20,-3.54,-4.95,-3.80,-8.54
27.0,-13.09,-14.82,-7.55,-23.09,-24.82,-17.55,-28.09,-29.82,-22.55,-10.43,-3.86,11.66,-20.43,-13.86,1.66,-25.43,-18.86,-3.34,8.54,9.11,14.31,-1.46,-0.89,4.31,-6.46,-5.89,-0.69
27.5,-17.64,-21.28,-4.05,-27.64,-31.28,-14.05,-32.64,-36.28,-19.05,-12.28,1.00,-3.93,-22.28,-9.00,-13.93,-27.28,-14.00,-18.93,7.83,5.37,19.24,-2.17,-4.63,9.24,-7.17,-9.63,4.24
28.0,-12.88,-22.81,-6.40,-22.88,-32.81,-16.40,-27.88,-37.81,-21.40,-5.28,2.08,7.92,-15.28,-7.92,-2.08,-20.28,-12.92,-7.08,2.30,10.93,9.60,-7.70,0.93,-0.40,-12.70,-4.07,-5.40
28.5,-21.64,-13.80,-3.94,-31.64,-23.80,-13.94,-36.64,-28.80,-18.94,-14.75,6.60,3.91,-24.75,-3.40,-6.09,-29.75,-8.40,-11.09,1.05,6.99,8.13,-8.95,-3.01,-1.87,-13.95,-8.01,-6.87
29.0,-17.00,-20.68,-19.89,-27.00,-30.68,-29.89,-32.00,-35.68,-34.89,-13.07,-1.20,4.13,-23.07,-11.20,-5.87,-28.07,-16.20,-10.87,4.83,-1.93,8.98,-5.17,-11.93,-1.02,-10.17,-16.93,-6.02
29.5,-14.36,-14.24,-11.93,-24.36,-24.24,-21.93,-29.36,-29.24,-26.93,-26.51,-0.55,-0.21,-36.51,-10.55,-10.21,-41.51,-15.55,-15.21,11.55,6.89,1.20,1.55,-3.11,-8.80,-3.45,-8.11,-13.80
30.0,-22.42,-23.25,-14.59,-32.42,-33.25,-24.59,-37.42,-38.25,-29.59,-10.35,4.42,-10.94,-20.35,-5.58,-20.94,-25.35,-10.58,-25.94,10.07,5.11,7.48,0.07,-4.89,-2.52,-4.93,-9.89,-7.52
30.5,-17.80,-30.93,-12.39,-27.80,-40.93,-22.39,-32.80,-45.93,-27.39,-18.96,13.21,-1.41,-28.96,3.21,-11.41,-33.96,-1.79,-16.41,9.55,13.93,1.29,-0.45,3.93,-8.71,-5.45,-1.07,-13.71
31.0,-19.93,-12.66,-7.16,-29.93,-22.66,-17.16,-34.93,-27.66,-22.16,-11.41,7.44,7.59,-21.41,-2.56,-2.41,-26.41,-7.56,-7.41,8.62,7.12,13.15,-1.38,-2.88,3.15,-6.38,-7.88,-1.85
31.5,-15.25,-6.58,-23.71,-25.25,-16.58,-33.71,-30.25,-21.58,-38.71,-14.33,8.47,-0.53,-24.33,-1.53,-10.53,-29.33,-6.53,-15.53,-2.83,12.75,9.67,-12.83,2.75,-0.33,-17.83,-2.25,-5.33
32.0,-18.08,-12.64,-8.52,-28.08,-22.64,-18.52,-33.08,-27.64,-23.52,-9.55,4.82,-12.17,-19.55,-5.18,-22.17,-24.55,-10.18,-27.17,-1.28,2.95,8.15,-11.28,-7.05,-1.85,-16.28,-12.05,-6.85
32.5,-24.74,-7.74,-22.67,-34.74,-17.74,-32.67,-39.74,-22.74,-37.67,-8.61,10.28,-6.38,-18.61,0.28,-16.38,-23.61,-4.72,-21.38,2.00,11.74,-2.55,-8.00,1.74,-12.55,-13.00,-3.26,-17.55
33.0,-14.12,-11.81,-15.79,-24.12,-21.81,-25.79,-29.12,-26.81,-30.79,-3.97,11.88,-10.81,-13.97,1.88,-20.81,-18.97,-3.12,-25.81,-4.00,9.51,12.20,-14.00,-0.49,2.20,-19.00,-5.49,-2.80
33.5,-13.19,-5.69,-17.68,-23.19,-15.69,-27.68,-28.19,-20.69,-32.68,-3.66,5.03,-2.97,-13.66,-4.97,-12.97,-18.66,-9.97,-17.97,7.19,18.19,6.22,-2.81,8.19,-3.78,-7.81,3.19,-8.78
34.0,-13.91,-5.24,-18.80,-23.91,-15.24,-28.80,-28.91,-20.24,-33.80,-6.16,-2.11,3.86,-16.16,-12.11,-6.14,-21.16,-17.11,-11.14,8.85,9.75,6.43,-1.15,-0.25,-3.57,-6.15,-5.25,-8.57
34.5,-21.46,-10.58,-14.58,-31.46,-20.58,-24.58,-36.46,-25.58,-29.58,-2.79,1.01,8.59,-12.79,-8.99,-1.41,-17.79,-13.99,-6.41,4.26,5.92,3.07,-5.74,-4.08,-6.93,-10.74,-9.08,-11.93
35.0,-17.11,-11.70,-9.05,-27.11,-21.70,-19.05,-32.11,-26.70,-24.05,-7.05,-9.91,18.26,-17.05,-19.91,8.26,-22.05,-24.91,3.26,5.85,-6.67,16.01,-4.15,-16.67,6.01,-9.15,-21.67,1.01
35.5,-16.09,-10.69,-15.42,-26.09,-20.69,-25.42,-31.09,-25.69,-30.42,1.13,-2.12,18.59,-8.87,-12.12,8.59,-13.87,-17.12,3.59,7.79,-0.57,20.20,-2.21,-10.57,10.20,-7.21,-15.57,5.20
36.0,-16.97,-15.49,-9.35,-26.97,-25.49,-19.35,-31.97,-30.49,-24.35,1.84,-9.47,7.79,-8.16,-19.47,-2.21,-13.16,-24.47,-7.21,6.64,5.05,14.05,-3.36,-4.95,4.05,-8.36,-9.95,-0.95
36.5,-14.68,-11.40,-13.92,-24.68,-21.40,-23.92,-29.68,-26.40,-28.92,5.06,-4.51,-4.86,-4.94,-14.51,-14.86,-9.94,-19.51,-19.86,4.70,4.71,1.77,-5.30,-5.29,-8.23,-10.30,-10.29,-13.23
37.0,-17.16,-13.55,-8.78,-27.16,-23.55,-18.78,-32.16,-28.55,-23.78,-7.08,-2.30,-2.14,-17.08,-12.30,-12.14,-22.08,-17.30,-17.14,2.97,3.33,2.62,-7.03,-6.67,-7.38,-12.03,-11.67,-12.38
37.5,-21.72,-19.38,-18.05,-31.72,-29.38,-28.05,-36.72,-34.38,-33.05,-0.95,-9.62,-2.53,-10.95,-19.62,-12.53,-15.95,-24.62,-17.53,9.72,-0.82,8.02,-0.28,-10.82,-1.98,-5.28,-15.82,-6.98
38.0,-14.30,-18.04,-12.95,-24.30,-28.04,-22.95,-29.30,-33.04,-27.95,-2.63,-0.53,-6.48,-12.63,-10.53,-16.48,-17.63,-15.53,-21.48,6.11,4.94,12.67,-3.89,-5.06,2.67,-8.89,-10.06,-2.33
38.5,-16.03,-26.34,-23.44,-26.03,-36.34,-33.44,-31.03,-41.34,-38.44,-10.42,2.33,-5.40,-20.42,-7.67,-15.40,-25.42,-12.67,-20.40,9.42,11.40,13.29,-0.58,1.40,3.29,-5.58,-3.60,-1.71
39.0,-6.19,-23.72,-6.43,-16.19,-33.72,-16.43,-21.19,-38.72,-21.43,10.48,-8.49,0.23,0.48,-18.49,-9.77,-4.52,-23.49,-14.77,5.19,1.01,8.84,-4.81,-8.99,-1.16,-9.81,-13.99,-6.16
39.5,-11.59,-16.18,-5.57,-21.59,-26.18,-15.57,-26.59,-31.18,-20.57,11.15,-6.11,0.82,1.15,-16.11,-9.18,-3.85,-21.11,-14.18,15.24,7.80,16.67,5.24,-2.20,6.67,0.24,-7.20,1.67
40.0,-16.36,-18.03,-13.06,-26.36,-28.03,-23.06,-31.36,-33.03,-28.06,3.90,-10.95,-8.64,-6.10,-20.95,-18.64,-11.10,-25.95,-23.64,-6.93,4.59,10.30,-16.93,-5.41,0.30,-21.93,-10.41,-4.70
40.5,-16.09,-17.46,-7.83,-26.09,-27.46,-17.83,-31.09,-32.46,-22.83,2.90,-14.82,-4.02,-7.10,-24.82,-14.02,-12.10,-29.82,-19.02,0.43,3.37,12.05,-9.57,-6.63,2.05,-14.57,-11.63,-2.95
41.0,-22.10,-13.16,-19.82,-32.10,-23.16,-29.82,-37.10,-28.16,-34.82,-8.85,-4.25,-3.47,-18.85,-14.25,-13.47,-23.85,-19.25,-18.47,7.54,0.68,2.68,-2.46,-9.32,-7.32,-7.46,-14.32,-12.32
41.5,-14.50,-22.83,-9.98,-24.50,-32.83,-19.98,-29.50,-37.83,-24.98,1.42,-6.53,-5.68,-8.58,-16.53,-15.68,-13.58,-21.53,-20.68,-10.96,4.69,13.13,-20.96,-5.31,3.13,-25.96,-10.31,-1.87
42.0,-12.14,-16.84,-14.22,-22.14,-26.84,-24.22,-27.14,-31.84,-29.22,1.56,-12.99,-7.18,-8.44,-22.99,-17.18,-13.44,-27.99,-22.18,10.88,1.48,15.04,0.88,-8.52,5.04,-4.12,-13.52,0.04
42.5,-9.74,-11.85,-10.49,-19.74,-21.85,-20.49,-24.74,-26.85,-25.49,3.43,-6.58,-9.91,-6.57,-16.58,-19.91,-11.57,-21.58,-24.91,-5.58,-3.14,2.80,-15.58,-13.14,-7.20,-20.58,-18.14,-12.20
43.0,-9.57,-13.98,-13.93,-19.57,-23.98,-23.93,-24.57,-28.98,-28.93,2.01,8.12,-2.37,-7.99,-1.88,-12.37,-12.99,-6.88,-17.37,10.62,11.76,12.27,0.62,1.76,2.27,-4.38,-3.24,-2.73
43.5,-12.04,-10.70,-5.34,-22.04,-20.70,-15.34,-27.04,-25.70,-20.34,-10.99,15.78,6.66,-20.99,5.78,-3.34,-25.99,0.78,-8.34,9.51,18.41,10.39,-0.49,8.41,0.39,-5.49,3.41,-4.61
44.0,-7.24,-20.64,-6.06,-17.24,-30.64,-16.06,-22.24,-35.64,-21.06,-1.85,16.47,-6.36,-11.85,6.47,-16.36,-16.85,1.47,-21.36,9.12,17.64,11.91,-0.88,7.64,1.91,-5.88,2.64,-3.09
44.5,-6.88,-11.36,-5.99,-16.88,-21.36,-15.99,-21.88,-26.36,-20.99,-0.93,8.99,4.49,-10.93,-1.01,-5.51,-15.93,-6.01,-10.51,12.96,6.46,-4.80,2.96,-3.54,-14.80,-2.04,-8.54,-19.80
45.0,-13.55,-10.34,-10.30,-23.55,-20.34,-20.30,-28.55,-25.34,-25.30,2.81,1.55,-1.33,-7.19,-8.45,-11.33,-12.19,-13.45,-16.33,-4.89,9.90,11.76,-14.89,-0.10,1.76,-19.89,-5.10,-3.24
45.5,-18.61,-25.26,-7.17,-28.61,-35.26,-17.17,-33.61,-40.26,-22.17,-6.46,-7.99,-6.27,-16.46,-17.99,-16.27,-21.46,-22.99,-21.27,4.68,9.43,11.59,-5.32,-0.57,1.59,-10.32,-5.57,-3.41
46.0,-9.40,-16.53,-15.80,-19.40,-26.53,-25.80,-24.40,-31.53,-30.80,-14.66,-9.14,4.43,-24.66,-19.14,-5.57,-29.66,-24.14,-10.57,5.74,-1.66,13.22,-4.26,-11.66,3.22,-9.26,-16.66,-1.78
46.5,-5.11,-11.22,-8.59,-15.11,-21.22,-18.59,-20.11,-26.22,-23.59,-12.58,-6.12,0.72,-22.58,-16.12,-9.28,-27.58,-21.12,-14.28,0.54,6.76,15.12,-9.46,-3.24,5.12,-14.46,-8.24,0.12
47.0,-9.23,-13.44,-7.19,-19.23,-23.44,-17.19,-24.23,-28.44,-22.19,-24.84,-3.33,-1.29,-34.84,-13.33,-11.29,-39.84,-18.33,-16.29,2.19,-1.36,-11.13,-7.81,-11.36,-21.13,-12.81,-16.36,-26.13
47.5,-17.37,-17.82,-15.89,-27.37,-27.82,-25.89,-32.37,-32.82,-30.89,-16.66,-8.80,2.30,-26.66,-18.80,-7.70,-31.66,-23.80,-12.70,0.34,5.92,5.06,-9.66,-4.08,-4.94,-14.66,-9.08,-9.94
48.0,-14.77,-10.54,-29.66,-24.77,-20.54,-39.66,-29.77,-25.54,-44.66,-11.01,-11.55,0.67,-21.01,-21.55,-9.33,-26.01,-26.55,-14.33,7.44,-9.58,-5.89,-2.56,-19.58,-15.89,-7.56,-24.58,-20.89
48.5,-10.94,-17.77,-8.03,-20.94,-27.77,-18.03,-25.94,-32.77,-23.03,-22.52,-4.76,-8.44,-32.52,-14.76,-18.44,-37.52,-19.76,-23.44,1.10,9.82,9.50,-8.90,-0.18,-0.50,-13.90,-5.18,-5.50
49.0,-8.37,-8.37,-9.91,-18.37,-18.37,-19.91,-23.37,-23.37,-24.91,-11.03,-11.97,4.16,-21.03,-21.97,-5.84,-26.03,-26.97,-10.84,-2.43,4.25,12.91,-12.43,-5.75,2.91,-17.43,-10.75,-2.09
49.5,-7.46,-8.71,-7.71,-17.46,-18.71,-17.71,-22.46,-23.71,-22.71,-13.13,-5.80,8.68,-23.13,-15.80,-1.32,-28.13,-20.80,-6.32,-4.43,-5.39,13.74,-14.43,-15.39,3.74,-19.43,-20.39,-1.26
50.0,-7.86,-19.53,-8.47,-17.86,-29.53,-18.47,-22.86,-34.53,-23.47,-20.78,-0.43,17.78,-30.78,-10.43,7.78,-35.78,-15.43,2.78,-11.40,3.93,20.31,-21.40,-6.07,10.31,-26.40,-11.07,5.31
50.5,-8.10,-10.32,-6.36,-18.10,-20.32,-16.36,-23.10,-25.32,-21.36,-0.30,-13.42,21.37,-10.30,-23.42,11.37,-15.30,-28.42,6.37,2.45,7.98,19.72,-7.55,-2.02,9.72,-12.55,-7.02,4.72
51.0,-9.47,-6.07,-8.37,-19.47,-16.07,-18.37,-24.47,-21.07,-23.37,-0.40,-4.50,20.98,-10.40,-14.50,10.98,-15.40,-19.50,5.98,4.19,-0.43,18.68,-5.81,-10.43,8.68,-10.81,-15.43,3.68
51.5,-7.17,-8.54,-4.59,-17.17,-18.54,-14.59,-22.17,-23.54,-19.59,-8.63,-7.88,18.75,-18.63,-17.88,8.75,-23.63,-22.88,3.75,4.20,1.89,21.15,-5.80,-8.11,11.15,-10.80,-13.11,6.15
52.0,-17.77,-8.55,-4.76,-27.77,-18.55,-14.76,-32.77,-23.55,-19.76,-14.43,-17.15,13.78,-24.43,-27.15,3.78,-29.43,-32.15,-1.22,0.32,11.17,15.80,-9.68,1.17,5.80,-14.68,-3.83,0.80
52.5,-16.11,-9.40,-9.00,-26.11,-19.40,-19.00,-31.11,-24.40,-24.00,-8.68,-5.68,3.84,-18.68,-15.68,-6.16,-23.68,-20.68,-11.16,2.23,11.20,13.75,-7.77,1.20,3.75,-12.77,-3.80,-1.25
53.0,-18.86,-6.36,-8.65,-28.86,-16.36,-18.65,-33.86,-21.36,-23.65,-9.81,-6.61,10.13,-19.81,-16.61,0.13,-24.81,-21.61,-4.87,2.99,11.34,9.28,-7.01,1.34,-0.72,-12.01,-3.66,-5.72
53.5,-19.96,-28.92,-11.72,-29.96,-38.92,-21.72,-34.96,-43.92,-26.72,-15.63,-8.91,7.51,-25.63,-18.91,-2.49,-30.63,-23.91,-7.49,0.72,1.54,11.97,-9.28,-8.46,1.97,-14.28,-13.46,-3.03
54.0,-28.68,-7.55,-9.41,-38.68,-17.55,-19.41,-43.68,-22.55,-24.41,-12.75,-19.18,-4.79,-22.75,-29.18,-14.79,-27.75,-34.18,-19.79,-8.23,9.12,3.19,-18.23,-0.88,-6.81,-23.23,-5.88,-11.81
54.5,-29.86,-10.81,-15.13,-39.86,-20.81,-25.13,-44.86,-25.81,-30.13,-13.50,-15.37,-1.52,-23.50,-25.37,-11.52,-28.50,-30.37,-16.52,13.76,-4.35,12.17,3.76,-14.35,2.17,-1.24,-19.35,-2.83
55.0,-13.58,-7.16,-12.53,-23.58,-17.16,-22.53,-28.58,-22.16,-27.53,-15.37,-4.48,-3.75,-25.37,-14.48,-13.75,-30.37,-19.48,-18.75,8.18,-25.90,5.12,-1.82,-35.90,-4.88,-6.82,-40.90,-9.88
55.5,-12.07,-5.45,-12.20,-22.07,-15.45,-22.20,-27.07,-20.45,-27.20,-8.81,2.22,-11.85,-18.81,-7.78,-21.85,-23.81,-12.78,-26.85,2.43,2.57,10.69,-7.57,-7.43,0.69,-12.57,-12.43,-4.31
56.0,-15.63,-2.08,-6.65,-25.63,-12.08,-16.65,-30.63,-17.08,-21.65,-14.91,-2.14,0.74,-24.91,-12.14,-9.26,-29.91,-17.14,-14.26,-5.04,6.11,-2.84,-15.04,-3.89,-12.84,-20.04,-8.89,-17.84
56.5,-12.90,-8.60,-16.12,-22.90,-18.60,-26.12,-27.90,-23.60,-31.12,-25.82,-24.01,-16.01,-35.82,-34.01,-26.01,-40.82,-39.01,-31.01,1.92,1.72,12.24,-8.08,-8.28,2.24,-13.08,-13.28,-2.76
57.0,-8.24,-4.82,-8.61,-18.24,-14.82,-18.61,-23.24,-19.82,-23.61,-12.10,-3.67,2.19,-22.10,-13.67,-7.81,-27.10,-18.67,-12.81,-1.03,9.43,2.98,-11.03,-0.57,-7.02,-16.03,-5.57,-12.02
57.5,-12.41,-20.32,-7.07,-22.41,-30.32,-17.07,-27.41,-35.32,-22.07,-3.53,-0.45,6.10,-13.53,-10.45,-3.90,-18.53,-15.45,-8.90,3.54,5.72,11.06,-6.46,-4.28,1.06,-11.46,-9.28,-3.94
58.0,-26.86,-19.90,-17.76,-36.86,-29.90,-27.76,-41.86,-34.90,-32.76,-2.09,-10.71,-19.26,-12.09,-20.71,-29.26,-17.09,-25.71,-34.26,-0.50,4.73,10.54,-10.50,-5.27,0.54,-15.50,-10.27,-4.46
58.5,-10.84,-12.32,-11.61,-20.84,-22.32,-21.61,-25.84,-27.32,-26.61,5.98,-5.33,-26.35,-4.02,-15.33,-36.35,-9.02,-20.33,-41.35,5.35,-7.00,-1.64,-4.65,-17.00,-11.64,-9.65,-22.00,-16.64
59.0,-24.66,-5.21,-4.84,-34.66,-15.21,-14.84,-39.66,-20.21,-19.84,9.18,-8.60,-6.41,-0.82,-18.60,-16.41,-5.82,-23.60,-21.41,11.46,9.46,4.21,1.46,-0.54,-5.79,-3.54,-5.54,-10.79
59.5,-20.07,-9.43,-11.67,-30.07,-19.43,-21.67,-35.07,-24.43,-26.67,11.49,-5.47,5.92,1.49,-15.47,-4.08,-3.51,-20.47,-9.08,12.18,8.77,-2.88,2.18,-1.23,-12.88,-2.82,-6.23,-17.88
60.0,-12.19,-19.70,-6.67,-22.19,-29.70,-16.67,-27.19,-34.70,-21.67,11.83,-6.00,2.97,1.83,-16.00,-7.03,-3.17,-21.00,-12.03,10.89,8.03,4.75,0.89,-1.97,-5.25,-4.11,-6.97,-10.25
60.5,-20.16,-24.25,-5.51,-30.16,-34.25,-15.51,-35.16,-39.25,-20.51,10.74,-7.13,1.30,0.74,-17.13,-8.70,-4.26,-22.13,-13.70,4.66,5.85,4.69,-5.34,-4.15,-5.31,-10.34,-9.15,-10.31
61.0,-17.47,-7.21,-23.16,-27.47,-17.21,-33.16,-32.47,-22.21,-38.16,8.94,-7.34,-13.51,-1.06,-17.34,-23.51,-6.06,-22.34,-28.51,13.34,9.22,10.04,3.34,-0.78,0.04,-1.66,-5.78,-4.96
61.5,-9.64,-8.55,-7.80,-19.64,-18.55,-17.80,-24.64,-23.55,-22.80,1.80,-14.02,-8.32,-8.20,-24.02,-18.32,-13.20,-29.02,-23.32,7.80,3.00,11.71,-2.20,-7.00,1.71,-7.20,-12.00,-3.29
62.0,-6.94,-11.43,-3.18,-16.94,-21.43,-13.18,-21.94,-26.43,-18.18,-3.76,-7.41,-15.22,-13.76,-17.41,-25.22,-18.76,-22.41,-30.22,-0.11,4.79,15.90,-10.11,-5.21,5.90,-15.11,-10.21,0.90
62.5,-6.32,-9.49,-6.34,-16.32,-19.49,-16.34,-21.32,-24.49,-21.34,-13.77,-9.70,-11.36,-23.77,-19.70,-21.36,-28.77,-24.70,-26.36,4.48,11.40,6.02,-5.52,1.40,-3.98,-10.52,-3.60,-8.98
63.0,-9.04,-14.46,-1.75,-19.04,-24.46,-11.75,-24.04,-29.46,-16.75,-34.25,-4.73,-12.61,-44.25,-14.73,-22.61,-49.25,-19.73,-27.61,-5.57,9.99,8.41,-15.57,-0.01,-1.59,-20.57,-5.01,-6.59
63.5,-4.92,-11.47,-4.93,-14.92,-21.47,-14.93,-19.92,-26.47,-19.93,-15.50,-6.13,-8.22,-25.50,-16.13,-18.22,-30.50,-21.13,-23.22,-0.30,2.94,4.44,-10.30,-7.06,-5.56,-15.30,-12.06,-10.56
64.0,-8.55,-32.04,-2.81,-18.55,-42.04,-12.81,-23.55,-47.04,-17.81,-9.55,-7.94,-6.96,-19.55,-17.94,-16.96,-24.55,-22.94,-21.96,5.90,0.47,8.56,-4.10,-9.53,-1.44,-9.10,-14.53,-6.44
64.5,-5.80,-6.45,-5.28,-15.80,-16.45,-15.28,-20.80,-21.45,-20.28,-11.36,-12.24,-14.82,-21.36,-22.24,-24.82,-26.36,-27.24,-29.82,-5.72,6.91,3.29,-15.72,-3.09,-6.71,-20.72,-8.09,-11.71
65.0,-7.86,-7.27,-7.79,-17.86,-17.27,-17.79,-22.86,-22.27,-22.79,-22.71,1.38,-14.49,-32.71,-8.62,-24.49,-37.71,-13.62,-29.49,3.30,5.34,6.56,-6.70,-4.66,-3.44,-11.70,-9.66,-8.44
65.5,-15.06,-4.69,-5.83,-25.06,-14.69,-15.83,-30.06,-19.69,-20.83,-6.88,1.91,-3.34,-16.88,-8.09,-13.34,-21.88,-13.09,-18.34,-3.30,8.97,3.03,-13.30,-1.03,-6.97,-18.30,-6.03,-11.97
66.0,-7.67,-9.64,-11.08,-17.67,-19.64,-21.08,-22.67,-24.64,-26.08,-14.20,9.11,-41.78,-24.20,-0.89,-51.78,-29.20,-5.89,-56.78,8.27,1.54,10.22,-1.73,-8.46,0.22,-6.73,-13.46,-4.78
66.5,-9.48,-1.22,-1.70,-19.48,-11.22,-11.70,-24.48,-16.22,-16.70,-9.22,8.23,-4.04,-19.22,-1.77,-14.04,-24.22,-6.77,-19.04,4.37,12.35,4.62,-5.63,2.35,-5.38,-10.63,-2.65,-10.38
67.0,-9.14,-10.33,-11.10,-19.14,-20.33,-21.10,-24.14,-25.33,-26.10,-12.40,11.48,-15.16,-22.40,1.48,-25.16,-27.40,-3.52,-30.16,13.03,10.59,4.59,3.03,0.59,-5.41,-1.97,-4.41,-10.41
67.5,-5.53,-5.40,-7.92,-15.53,-15.40,-17.92,-20.53,-20.40,-22.92,-14.77,14.05,-9.13,-24.77,4.05,-19.13,-29.77,-0.95,-24.13,8.19,14.43,9.14,-1.81,4.43,-0.86,-6.81,-0.57,-5.86
68.0,-7.96,-6.71,-4.46,-17.96,-16.71,-14.46,-22.96,-21.71,-19.46,-11.88,14.02,-8.28,-21.88,4.02,-18.28,-26.88,-0.98,-23.28,-6.43,14.09,13.87,-16.43,4.09,3.87,-21.43,-0.91,-1.13
68.5,-4.37,-1.76,-8.16,-14.37,-11.76,-18.16,-19.37,-16.76,-23.16,-8.14,15.63,-8.39,-18.14,5.63,-18.39,-23.14,0.63,-23.39,4.37,15.38,5.28,-5.63,5.38,-4.72,-10.63,0.38,-9.72
69.0,-2.89,-3.77,-7.48,-12.89,-13.77,-17.48,-17.89,-18.77,-22.48,-22.39,14.25,-5.06,-32.39,4.25,-15.06,-37.39,-0.75,-20.06,-4.62,13.73,12.01,-14.62,3.73,2.01,-19.62,-1.27,-2.99
69.5,-2.56,-3.76,-7.06,-12.56,-13.76,-17.06,-17.56,-18.76,-22.06,-16.91,15.32,-5.13,-26.91,5.32,-15.13,-31.91,0.32,-20.13,-2.41,16.63,-2.50,-12.41,6.63,-12.50,-17.41,1.63,-17.50
70.0,-7.40,-2.95,-9.26,-17.40,-12.95,-19.26,-22.40,-17.95,-24.26,-13.78,12.16,-3.57,-23.78,2.16,-13.57,-28.78,-2.84,-18.57,-3.85,14.14,7.35,-13.85,4.14,-2.65,-18.85,-0.86,-7.65
70.5,-11.70,-14.22,-11.47,-21.70,-24.22,-21.47,-26.70,-29.22,-26.47,-14.98,7.73,-11.14,-24.98,-2.27,-21.14,-29.98,-7.27,-26.14,0.13,3.37,-4.28,-9.87,-6.63,-14.28,-14.87,-11.63,-19.28
71.0,-11.55,-6.18,-7.85,-21.55,-16.18,-17.85,-26.55,-21.18,-22.85,-21.56,7.61,-10.33,-31.56,-2.39,-20.33,-36.56,-7.39,-25.33,3.33,9.34,7.82,-6.67,-0.66,-2.18,-11.67,-5.66,-7.18
71.5,-7.76,-9.60,-12.58,-17.76,-19.60,-22.58,-22.76,-24.60,-27.58,-9.85,-7.59,0.95,-19.85,-17.59,-9.05,-24.85,-22.59,-14.05,2.04,13.16,6.01,-7.96,3.16,-3.99,-12.96,-1.84,-8.99
72.0,-16.40,-14.42,-5.96,-26.40,-24.42,-15.96,-31.40,-29.42,-20.96,-5.76,2.99,2.91,-15.76,-7.01,-7.09,-20.76,-12.01,-12.09,3.24,13.36,5.89,-6.76,3.36,-4.11,-11.76,-1.64,-9.11
72.5,-10.64,-8.22,-9.56,-20.64,-18.22,-19.56,-25.64,-23.22,-24.56,-10.11,-0.93,-0.45,-20.11,-10.93,-10.45,-25.11,-15.93,-15.45,7.71,6.48,-6.03,-2.29,-3.52,-16.03,-7.29,-8.52,-21.03
73.0,-12.63,-8.39,-6.82,-22.63,-18.39,-16.82,-27.63,-23.39,-21.82,4.24,-4.51,-7.83,-5.76,-14.51,-17.83,-10.76,-19.51,-22.83,14.79,2.50,9.67,4.79,-7.50,-0.33,-0.21,-12.50,-5.33
73.5,-9.62,-5.89,-2.34,-19.62,-15.89,-12.34,-24.62,-20.89,-17.34,7.88,-2.11,5.06,-2.12,-12.11,-4.94,-7.12,-17.11,-9.94,6.51,-4.53,9.35,-3.49,-14.53,-0.65,-8.49,-19.53,-5.65
74.0,-11.71,-4.36,-1.54,-21.71,-14.36,-11.54,-26.71,-19.36,-16.54,8.55,12.76,16.31,-1.45,2.76,6.31,-6.45,-2.24,1.31,7.68,12.21,17.85,-2.32,2.21,7.85,-7.32,-2.79,2.85
74.5,-8.94,-0.86,-12.96,-18.94,-10.86,-22.96,-23.94,-15.86,-27.96,2.57,-3.94,3.46,-7.43,-13.94,-6.54,-12.43,-18.94,-11.54,8.08,2.76,2.19,-1.92,-7.24,-7.81,-6.92,-12.24,-12.81
75.0,-5.09,-6.36,-8.94,-15.09,-16.36,-18.94,-20.09,-21.36,-23.94,-2.48,-1.32,-10.55,-12.48,-11.32,-20.55,-17.48,-16.32,-25.55,7.09,9.22,17.22,-2.91,-0.78,7.22,-7.91,-5.78,2.22
75.5,-10.59,-4.78,-10.49,-20.59,-14.78,-20.49,-25.59,-19.78,-25.49,-20.63,0.23,6.68,-30.63,-9.77,-3.32,-35.63,-14.77,-8.32,6.40,3.15,3.17,-3.60,-6.85,-6.83,-8.60,-11.85,-11.83
76.0,-6.60,-7.62,-2.78,-16.60,-17.62,-12.78,-21.60,-22.62,-17.78,-6.41,-1.95,0.07,-16.41,-11.95,-9.93,-21.41,-16.95,-14.93,9.98,-4.17,0.01,-0.02,-14.17,-9.99,-5.02,-19.17,-14.99
76.5,-16.77,-8.50,-5.47,-26.77,-18.50,-15.47,-31.77,-23.50,-20.47,-5.82,-2.55,2.60,-15.82,-12.55,-7.40,-20.82,-17.55,-12.40,5.31,12.77,4.01,-4.69,2.77,-5.99,-9.69,-2.23,-10.99
77.0,-7.23,-4.94,-1.70,-17.23,-14.94,-11.70,-22.23,-19.94,-16.70,-10.60,-3.61,0.17,-20.60,-13.61,-9.83,-25.60,-18.61,-14.83,4.13,7.35,4.63,-5.87,-2.65,-5.37,-10.87,-7.65,-10.37
77.5,-12.54,-14.07,-7.23,-22.54,-24.07,-17.23,-27.54,-29.07,-22.23,-7.31,-2.84,0.12,-17.31,-12.84,-9.88,-22.31,-17.84,-14.88,5.27,0.02,7.02,-4.73,-9.98,-2.98,-9.73,-14.98,-7.98
78.0,-13.38,-4.75,-6.88,-23.38,-14.75,-16.88,-28.38,-19.75,-21.88,-9.95,-9.22,-4.94,-19.95,-19.22,-14.94,-24.95,-24.22,-19.94,9.89,-1.46,3.51,-0.11,-11.46,-6.49,-5.11,-16.46,-11.49
78.5,-13.22,-11.14,-3.39,-23.22,-21.14,-13.39,-28.22,-26.14,-18.39,-3.75,-3.25,1.24,-13.75,-13.25,-8.76,-18.75,-18.25,-13.76,8.73,6.04,9.26,-1.27,-3.96,-0.74,-6.27,-8.96,-5.74
79.0,-15.80,-1.67,-4.92,-25.80,-11.67,-14.92,-30.80,-16.67,-19.92,-7.46,-6.17,-1.24,-17.46,-16.17,-11.24,-22.46,-21.17,-16.24,14.11,-0.82,10.92,4.11,-10.82,0.92,-0.89,-15.82,-4.08
79.5,-14.91,-18.27,-0.85,-24.91,-28.27,-10.85,-29.91,-33.27,-15.85,-3.37,-22.23,-2.05,-13.37,-32.23,-12.05,-18.37,-37.23,-17.05,8.48,1.96,-9.43,-1.52,-8.04,-19.43,-6.52,-13.04,-24.43
80.0,-12.10,-9.79,-10.77,-22.10,-19.79,-20.77,-27.10,-24.79,-25.77,-6.98,-17.67,-5.09,-16.98,-27.67,-15.09,-21.98,-32.67,-20.09,-4.59,5.44,7.98,-14.59,-4.56,-2.02,-19.59,-9.56,-7.02
80.5,-4.49,-13.96,-8.79,-14.49,-23.96,-18.79,-19.49,-28.96,-23.79,-3.63,-13.47,-2.46,-13.63,-23.47,-12.46,-18.63,-28.47,-17.46,2.92,4.86,8.52,-7.08,-5.14,-1.48,-12.08,-10.14,-6.48
81.0,-14.59,-10.12,-11.19,-24.59,-20.12,-21.19,-29.59,-25.12,-26.19,-9.58,-14.64,-0.05,-19.58,-24.64,-10.05,-24.58,-29.64,-15.05,10.01,15.29,-1.38,0.01,5.29,-11.38,-4.99,0.29,-16.38
81.5,-9.73,-6.03,-7.28,-19.73,-16.03,-17.28,-24.73,-21.03,-22.28,-3.14,-7.91,-8.41,-13.14,-17.91,-18.41,-18.14,-22.91,-23.41,5.03,10.67,9.77,-4.97,0.67,-0.23,-9.97,-4.33,-5.23
82.0,-13.77,-6.63,-9.46,-23.77,-16.63,-19.46,-28.77,-21.63,-24.46,-8.73,-5.29,-4.17,-18.73,-15.29,-14.17,-23.73,-20.29,-19.17,4.61,7.73,-7.29,-5.39,-2.27,-17.29,-10.39,-7.27,-22.29
82.5,-2.54,-7.79,-16.03,-12.54,-17.79,-26.03,-17.54,-22.79,-31.03,-10.85,-4.69,1.93,-20.85,-14.69,-8.07,-25.85,-19.69,-13.07,-6.27,9.27,8.19,-16.27,-0.73,-1.81,-21.27,-5.73,-6.81
83.0,-24.53,-23.63,-3.79,-34.53,-33.63,-13.79,-39.53,-38.63,-18.79,0.11,-3.56,-18.72,-9.89,-13.56,-28.72,-14.89,-18.56,-33.72,11.48,5.88,14.19,1.48,-4.12,4.19,-3.52,-9.12,-0.81
83.5,-9.52,-13.92,-7.85,-19.52,-23.92,-17.85,-24.52,-28.92,-22.85,-19.91,-10.12,2.09,-29.91,-20.12,-7.91,-34.91,-25.12,-12.91,9.64,-0.71,5.91,-0.36,-10.71,-4.09,-5.36,-15.71,-9.09
84.0,-11.73,-7.41,-8.60,-21.73,-17.41,-18.60,-26.73,-22.41,-23.60,-8.73,-2.92,-5.96,-18.73,-12.92,-15.96,-23.73,-17.92,-20.96,15.44,4.19,7.35,5.44,-5.81,-2.65,0.44,-10.81,-7.65
84.5,-13.91,-8.02,-9.30,-23.91,-18.02,-19.30,-28.91,-23.02,-24.30,-12.25,-0.95,-0.37,-22.25,-10.95,-10.37,-27.25,-15.95,-15.37,15.09,11.14,8.99,5.09,1.14,-1.01,0.09,-3.86,-6.01
85.0,-6.83,-3.33,-4.07,-16.83,-13.33,-14.07,-21.83,-18.33,-19.07,-10.25,-3.18,-4.15,-20.25,-13.18,-14.15,-25.25,-18.18,-19.15,4.36,11.80,5.27,-5.64,1.80,-4.73,-10.64,-3.20,-9.73
85.5,-7.93,-13.36,-6.04,-17.93,-23.36,-16.04,-22.93,-28.36,-21.04,-21.08,-5.15,0.52,-31.08,-15.15,-9.48,-36.08,-20.15,-14.48,2.65,13.78,5.63,-7.35,3.78,-4.37,-12.35,-1.22,-9.37
86.0,-5.89,-0.90,-8.71,-15.89,-10.90,-18.71,-20.89,-15.90,-23.71,-14.62,-15.91,-3.24,-24.62,-25.91,-13.24,-29.62,-30.91,-18.24,10.54,12.96,4.75,0.54,2.96,-5.25,-4.46,-2.04,-10.25
86.5,-4.87,-20.77,-8.51,-14.87,-30.77,-18.51,-19.87,-35.77,-23.51,-23.32,-8.74,3.69,-33.32,-18.74,-6.31,-38.32,-23.74,-11.31,15.80,8.13,13.00,5.80,-1.87,3.00,0.80,-6.87,-2.00
87.0,-9.61,-6.79,-3.58,-19.61,-16.79,-13.58,-24.61,-21.79,-18.58,-37.90,-3.87,-4.41,-47.90,-13.87,-14.41,-52.90,-18.87,-19.41,12.30,11.44,10.85,2.30,1.44,0.85,-2.70,-3.56,-4.15
87.5,-2.59,-10.26,-9.30,-12.59,-20.26,-19.30,-17.59,-25.26,-24.30,-9.59,-8.09,-7.00,-19.59,-18.09,-17.00,-24.59,-23.09,-22.00,12.59,8.60,8.97,2.59,-1.40,-1.03,-2.41,-6.40,-6.03
88.0,5.03,2.63,-0.85,-4.97,-7.37,-10.85,-9.97,-12.37,-15.85,-5.04,-4.58,2.57,-15.04,-14.58,-7.43,-20.04,-19.58,-12.43,11.67,11.18,9.56,1.67,1.18,-0.44,-3.33,-3.82,-5.44
88.5,7.24,-4.21,2.33,-2.76,-14.21,-7.67,-7.76,-19.21,-12.67,-3.32,-0.88,8.56,-13.32,-10.88,-1.44,-18.32,-15.88,-6.44,16.42,18.20,2.98,6.42,8.20,-7.02,1.42,3.20,-12.02
89.0,13.08,9.69,5.08,3.08,-0.31,-4.92,-1.92,-5.31,-9.92,1.44,0.35,11.44,-8.56,-9.65,1.44,-13.56,-14.65,-3.56,22.62,16.24,18.73,12.62,6.24,8.73,7.62,1.24,3.73
89.5,15.88,15.71,10.63,5.88,5.71,0.63,0.88,0.71,-4.37,-1.37,2.41,11.84,-11.37,-7.59,1.84,-16.37,-12.59,-3.16,26.37,24.76,20.39,16.37,14.76,10.39,11.37,9.76,5.39
90.0,14.92,15.68,8.45,4.92,5.68,-1.55,-0.08,0.68,-6.55,5.61,5.64,12.56,-4.39,-4.36,2.56,-9.39,-9.36,-2.44,43.41,37.32,38.91,33.41,27.32,28.91,28.41,22.32,23.91
