azimuth_deg,全金属|8GHz_dBsm,全金属|10GHz_dBsm,全金属|12GHz_dBsm,均匀涂层-15dB|8GHz_dBsm,均匀涂层-15dB|10GHz_dBsm,均匀涂层-15dB|12GHz_dBsm,温度分区涂层|8GHz_dBsm,温度分区涂层|10GHz_dBsm,温度分区涂层|12GHz_dBsm,温度分区+鼻帽−8dB|8GHz_dBsm,温度分区+鼻帽−8dB|10GHz_dBsm,温度分区+鼻帽−8dB|12GHz_dBsm
-180.0,8.72,2.70,4.30,-6.28,-12.30,-10.70,-3.59,-14.10,-7.47,-3.98,-15.15,-7.12
-179.5,4.57,-15.35,-2.64,-10.43,-30.35,-17.64,-7.40,-17.49,-10.93,-7.98,-17.51,-11.19
-179.0,-3.21,-0.98,-4.58,-18.21,-15.98,-19.58,-14.27,-11.64,-15.51,-13.89,-11.20,-16.77
-178.5,2.82,-5.52,-9.12,-12.18,-20.52,-24.12,-9.20,-19.56,-23.78,-8.75,-18.37,-23.84
-178.0,-2.39,-1.98,-1.57,-17.39,-16.98,-16.57,-13.90,-13.96,-13.85,-13.32,-14.03,-12.57
-177.5,-3.09,-3.56,-3.36,-18.09,-18.56,-18.36,-13.33,-14.97,-15.85,-13.16,-15.01,-14.13
-177.0,-3.10,-2.57,-14.63,-18.10,-17.57,-29.63,-13.94,-14.42,-24.07,-13.51,-14.35,-24.29
-176.5,-7.94,-8.06,-6.80,-22.94,-23.06,-21.80,-19.25,-19.80,-19.01,-18.09,-19.33,-20.84
-176.0,-9.21,-7.46,-12.43,-24.21,-22.46,-27.43,-20.82,-17.04,-28.06,-20.55,-16.46,-23.70
-175.5,-12.56,-4.99,-13.79,-27.56,-19.99,-28.79,-21.99,-15.86,-26.43,-23.36,-15.38,-23.90
-175.0,-11.48,-11.60,-8.82,-26.48,-26.60,-23.82,-19.17,-22.97,-19.25,-20.47,-21.92,-21.97
-174.5,-5.45,-18.28,-16.96,-20.45,-33.28,-31.96,-15.59,-30.75,-28.26,-16.08,-34.66,-35.09
-174.0,-6.06,-9.89,-8.17,-21.06,-24.89,-23.17,-17.06,-21.14,-18.41,-17.13,-22.73,-18.69
-173.5,-7.22,-11.27,-6.16,-22.22,-26.27,-21.16,-18.32,-21.03,-16.92,-17.81,-22.68,-17.50
-173.0,-3.45,-12.65,-14.29,-18.45,-27.65,-29.29,-14.72,-21.76,-23.18,-14.62,-23.82,-23.79
-172.5,-3.02,-8.78,-3.20,-18.02,-23.78,-18.20,-14.00,-19.82,-14.25,-14.05,-21.33,-14.91
-172.0,-4.08,-13.85,-5.35,-19.08,-28.85,-20.35,-14.76,-24.31,-16.47,-14.78,-26.54,-17.17
-171.5,-8.59,-18.30,-9.28,-23.59,-33.30,-24.28,-19.45,-27.07,-21.35,-19.28,-28.81,-22.23
-171.0,-19.56,-13.03,-4.53,-34.56,-28.03,-19.53,-30.78,-23.45,-15.79,-29.18,-24.56,-15.65
-170.5,-20.82,-8.67,-6.96,-35.82,-23.67,-21.96,-36.75,-19.29,-17.85,-36.37,-20.06,-16.80
-170.0,-13.67,-9.01,-10.20,-28.67,-24.01,-25.20,-24.74,-19.98,-21.80,-24.02,-20.62,-20.43
-169.5,-8.32,-9.14,-8.94,-23.32,-24.14,-23.94,-18.87,-19.73,-19.69,-18.28,-20.72,-16.97
-169.0,-5.42,-10.99,-21.24,-20.42,-25.99,-36.24,-15.87,-23.03,-30.89,-15.37,-24.34,-23.03
-168.5,-6.83,-15.69,-10.35,-21.83,-30.69,-25.35,-16.97,-25.13,-19.58,-16.45,-28.75,-19.56
-168.0,-7.42,-18.27,-12.23,-22.42,-33.27,-27.23,-16.94,-26.98,-22.38,-16.54,-31.90,-21.41
-167.5,-8.68,-27.88,-9.09,-23.68,-42.88,-24.09,-18.49,-54.19,-19.22,-18.08,-31.96,-18.23
-167.0,-25.08,-18.04,-6.63,-40.08,-33.04,-21.63,-34.50,-24.19,-16.93,-32.28,-27.24,-18.58
-166.5,-13.37,-21.89,-11.68,-28.37,-36.89,-26.68,-22.84,-26.08,-20.29,-22.49,-33.44,-26.46
-166.0,-12.20,-8.92,-23.25,-27.20,-23.92,-38.25,-20.77,-17.58,-31.31,-20.49,-19.38,-29.01
-165.5,-6.51,-14.06,-12.39,-21.51,-29.06,-27.39,-16.40,-22.55,-20.19,-16.38,-24.96,-18.73
-165.0,-4.01,-10.23,-17.56,-19.01,-25.23,-32.56,-13.85,-19.44,-31.32,-13.74,-20.23,-34.13
-164.5,-8.16,-9.17,-16.34,-23.16,-24.17,-31.34,-17.85,-18.24,-24.82,-17.56,-18.56,-21.16
-164.0,-18.11,-11.79,-10.47,-33.11,-26.79,-25.47,-24.81,-20.38,-17.51,-24.65,-20.18,-18.53
-163.5,-14.86,-13.29,-10.02,-29.86,-28.29,-25.02,-22.84,-22.05,-18.31,-22.86,-22.77,-18.92
-163.0,-23.53,-8.80,-10.98,-38.53,-23.80,-25.98,-27.50,-17.39,-19.17,-27.90,-17.47,-22.12
-162.5,-11.01,-11.18,-12.79,-26.01,-26.18,-27.79,-19.49,-20.57,-19.46,-19.62,-18.81,-22.37
-162.0,-8.31,-23.90,-8.78,-23.31,-38.90,-23.78,-17.61,-27.45,-16.94,-17.72,-26.36,-18.28
-161.5,-18.45,-12.24,-13.49,-33.45,-27.24,-28.49,-26.95,-20.62,-20.57,-27.36,-20.54,-21.04
-161.0,-10.02,-13.74,-11.00,-25.02,-28.74,-26.00,-18.50,-22.13,-19.71,-18.07,-21.58,-19.39
-160.5,-7.74,-28.76,-12.36,-22.74,-43.76,-27.36,-17.02,-31.58,-21.29,-16.97,-31.64,-20.13
-160.0,-16.94,-17.54,-16.84,-31.94,-32.54,-31.84,-23.29,-26.35,-24.62,-23.38,-27.83,-23.57
-159.5,-14.24,-11.02,-12.75,-29.24,-26.02,-27.75,-24.04,-20.86,-22.89,-22.97,-22.29,-23.70
-159.0,-8.01,-15.74,-18.39,-23.01,-30.74,-33.39,-18.12,-24.54,-30.96,-17.73,-25.68,-27.40
-158.5,-9.66,-13.69,-10.10,-24.66,-28.69,-25.10,-18.80,-24.24,-19.38,-19.06,-24.32,-20.91
-158.0,-15.24,-21.00,-11.46,-30.24,-36.00,-26.46,-24.09,-30.61,-21.94,-24.70,-29.69,-19.37
-157.5,-18.67,-17.36,-17.96,-33.67,-32.36,-32.96,-26.03,-28.25,-26.43,-26.64,-27.24,-25.43
-157.0,-23.64,-12.60,-20.26,-38.64,-27.60,-35.26,-32.06,-22.34,-30.13,-32.58,-21.56,-36.57
-156.5,-20.05,-9.48,-13.33,-35.05,-24.48,-28.33,-28.96,-19.97,-23.02,-27.80,-20.62,-21.03
-156.0,-19.51,-17.40,-25.69,-34.51,-32.40,-40.69,-27.75,-26.59,-43.42,-24.96,-28.73,-27.19
-155.5,-16.55,-13.23,-14.37,-31.55,-28.23,-29.37,-26.27,-21.97,-24.17,-24.38,-24.02,-31.59
-155.0,-13.35,-14.32,-22.61,-28.35,-29.32,-37.61,-24.01,-22.59,-34.63,-24.83,-23.58,-25.29
-154.5,-17.07,-23.52,-13.53,-32.07,-38.52,-28.53,-29.12,-29.44,-23.06,-32.79,-25.29,-26.97
-154.0,-32.00,-15.28,-8.08,-47.00,-30.28,-23.08,-45.05,-25.48,-18.79,-41.14,-21.65,-17.62
-153.5,-22.05,-10.15,-7.56,-37.05,-25.15,-22.56,-33.71,-20.46,-17.70,-36.76,-19.69,-17.06
-153.0,-18.67,-10.28,-3.97,-33.67,-25.28,-18.97,-28.33,-19.82,-13.79,-30.16,-21.51,-13.83
-152.5,-24.18,-14.89,-6.26,-39.18,-29.89,-21.26,-36.73,-24.96,-15.80,-29.68,-27.23,-15.90
-152.0,-24.33,-24.86,2.20,-39.33,-39.86,-12.80,-33.70,-34.23,-7.29,-38.35,-31.87,-6.48
-151.5,-17.78,-10.23,-0.33,-32.78,-25.23,-15.33,-28.65,-20.20,-10.79,-27.83,-20.42,-9.40
-151.0,-14.56,-13.08,5.93,-29.56,-28.08,-9.07,-24.62,-22.98,-4.23,-22.69,-23.10,-4.05
-150.5,-15.50,-12.75,3.10,-30.50,-27.75,-11.90,-25.19,-22.67,-6.56,-25.96,-22.30,-7.57
-150.0,-16.79,-18.75,-12.95,-31.79,-33.75,-27.95,-26.82,-30.10,-24.50,-28.94,-31.35,-31.21
-149.5,-24.72,-14.63,-10.47,-39.72,-29.63,-25.47,-31.01,-25.96,-19.31,-33.24,-25.77,-19.11
-149.0,-15.74,-24.96,-30.62,-30.74,-39.96,-45.62,-27.37,-33.70,-32.44,-30.26,-31.79,-54.73
-148.5,-10.32,-15.11,-6.61,-25.32,-30.11,-21.61,-20.66,-26.08,-16.64,-20.44,-24.78,-17.63
-148.0,-12.37,-16.11,-10.23,-27.37,-31.11,-25.23,-22.99,-25.67,-20.54,-21.81,-26.73,-20.21
-147.5,-13.20,-10.65,-9.04,-28.20,-25.65,-24.04,-24.06,-20.78,-18.37,-26.05,-20.78,-20.54
-147.0,-30.37,-7.08,-13.76,-45.37,-22.08,-28.76,-46.46,-17.39,-23.56,-37.49,-18.87,-30.11
-146.5,-10.76,-4.70,-14.91,-25.76,-19.70,-29.91,-20.73,-15.73,-25.54,-20.81,-16.90,-24.06
-146.0,-7.86,-8.49,-16.09,-22.86,-23.49,-31.09,-17.70,-20.85,-24.59,-17.33,-18.43,-27.82
-145.5,-5.51,-9.00,-10.68,-20.51,-24.00,-25.68,-15.52,-20.51,-21.72,-15.82,-23.53,-18.89
-145.0,-1.53,-20.94,-9.05,-16.53,-35.94,-24.05,-11.58,-30.03,-18.90,-11.99,-25.77,-22.17
-144.5,-1.08,-10.05,-10.52,-16.08,-25.05,-25.52,-11.23,-19.19,-23.31,-10.93,-20.15,-19.45
-144.0,-5.40,-6.87,-8.51,-20.40,-21.87,-23.51,-15.52,-17.88,-19.65,-14.79,-16.82,-21.15
-143.5,-12.28,-11.75,-28.53,-27.28,-26.75,-43.53,-21.57,-22.30,-30.06,-21.23,-20.95,-33.99
-143.0,-12.05,-20.44,-13.65,-27.05,-35.44,-28.65,-23.45,-34.56,-23.90,-24.66,-28.42,-25.57
-142.5,-15.88,-11.32,-13.95,-30.88,-26.32,-28.95,-24.98,-22.74,-24.68,-26.92,-21.66,-20.89
-142.0,-10.26,-11.32,-19.24,-25.26,-26.32,-34.24,-20.08,-20.91,-28.04,-21.57,-22.88,-37.52
-141.5,-14.53,-12.85,-10.21,-29.53,-27.85,-25.21,-24.78,-22.23,-21.51,-23.83,-20.52,-22.13
-141.0,-19.87,-15.50,-15.25,-34.87,-30.50,-30.25,-29.97,-25.19,-24.13,-25.20,-23.30,-24.84
-140.5,-19.47,-13.21,-8.73,-34.47,-28.21,-23.73,-29.16,-22.20,-20.66,-37.13,-28.37,-21.24
-140.0,-14.54,-17.51,-13.42,-29.54,-32.51,-28.42,-26.53,-30.05,-26.01,-23.09,-23.16,-26.29
-139.5,-16.88,-26.68,-17.18,-31.88,-41.68,-32.18,-26.99,-43.31,-29.41,-25.11,-29.06,-30.90
-139.0,-18.81,-15.86,-13.06,-33.81,-30.86,-28.06,-33.21,-27.52,-24.81,-25.10,-25.39,-21.64
-138.5,-7.29,-12.28,-9.34,-22.29,-27.28,-24.34,-18.19,-21.71,-19.36,-19.29,-24.68,-18.72
-138.0,-13.05,-32.26,-14.67,-28.05,-47.26,-29.67,-23.38,-38.59,-23.11,-26.63,-30.65,-31.80
-137.5,-11.54,-29.82,-16.16,-26.54,-44.82,-31.16,-22.14,-47.63,-24.49,-25.01,-32.48,-28.43
-137.0,-10.35,-15.18,-16.77,-25.35,-30.18,-31.77,-21.83,-24.95,-24.08,-20.14,-28.42,-20.12
-136.5,-9.38,-22.96,-18.65,-24.38,-37.96,-33.65,-22.16,-37.51,-31.07,-19.24,-30.48,-32.65
-136.0,-5.71,-11.58,-15.92,-20.71,-26.58,-30.92,-16.97,-22.79,-26.20,-17.48,-26.26,-22.19
-135.5,-11.01,-11.64,-17.43,-26.01,-26.64,-32.43,-21.14,-21.81,-28.68,-25.17,-22.26,-22.78
-135.0,-18.72,-18.59,-6.69,-33.72,-33.59,-21.69,-29.06,-30.34,-16.42,-46.96,-35.38,-19.44
-134.5,-12.56,-18.23,-15.99,-27.56,-33.23,-30.99,-23.38,-27.06,-21.26,-25.56,-25.25,-28.36
-134.0,-22.73,-12.02,-21.30,-37.73,-27.02,-36.30,-47.59,-21.23,-31.15,-27.02,-25.31,-21.77
-133.5,-16.78,-13.80,-22.10,-31.78,-28.80,-37.10,-28.94,-23.51,-35.10,-24.92,-22.28,-25.25
-133.0,-11.33,-17.38,-10.22,-26.33,-32.38,-25.22,-20.39,-27.01,-20.94,-28.65,-22.06,-17.41
-132.5,-14.25,-15.17,-11.56,-29.25,-30.17,-26.56,-23.92,-24.74,-19.63,-19.34,-32.66,-21.03
-132.0,-11.58,-23.70,-9.87,-26.58,-38.70,-24.87,-21.71,-31.08,-22.00,-21.97,-31.03,-20.23
-131.5,-12.88,-14.33,-14.22,-27.88,-29.33,-29.22,-23.47,-24.01,-24.99,-31.82,-23.06,-24.55
-131.0,-14.65,-21.51,-2.39,-29.65,-36.51,-17.39,-23.70,-37.88,-12.78,-33.82,-26.71,-14.84
-130.5,-15.63,-6.83,-11.09,-30.63,-21.83,-26.09,-25.68,-17.04,-20.03,-23.43,-17.02,-21.30
-130.0,-16.21,-14.26,-8.81,-31.21,-29.26,-23.81,-25.29,-24.45,-18.46,-25.50,-25.13,-25.39
-129.5,-15.78,-8.52,-7.10,-30.78,-23.52,-22.10,-28.56,-19.26,-17.01,-28.77,-17.45,-17.58
-129.0,-17.77,-7.04,-25.49,-32.77,-22.04,-40.49,-27.66,-17.12,-32.93,-27.14,-17.82,-21.29
-128.5,-10.49,-20.40,-9.69,-25.49,-35.40,-24.69,-19.77,-29.61,-20.41,-22.00,-33.96,-32.66
-128.0,-17.94,-12.78,-10.57,-32.94,-27.78,-25.57,-24.99,-22.01,-21.34,-22.62,-19.66,-23.74
-127.5,-11.39,-15.35,-8.97,-26.39,-30.35,-23.97,-19.29,-26.67,-19.57,-18.35,-22.65,-17.78
-127.0,-10.08,-9.57,-6.51,-25.08,-24.57,-21.51,-16.68,-17.05,-15.38,-19.81,-17.46,-15.85
-126.5,-9.83,-2.73,-7.58,-24.83,-17.73,-22.58,-18.51,-12.61,-16.27,-17.18,-13.43,-16.41
-126.0,-8.36,-13.93,-6.63,-23.36,-28.93,-21.63,-17.29,-19.43,-15.02,-16.18,-24.00,-16.35
-125.5,-9.77,-5.40,-21.32,-24.77,-20.40,-36.32,-17.26,-15.52,-33.67,-20.82,-15.56,-24.15
-125.0,-22.63,-5.91,-19.82,-37.63,-20.91,-34.82,-31.56,-16.53,-32.62,-24.00,-18.07,-22.47
-124.5,-17.82,-3.10,-11.18,-32.82,-18.10,-26.18,-27.06,-14.26,-21.41,-31.63,-14.11,-17.82
-124.0,-23.58,-5.47,-12.43,-38.58,-20.47,-27.43,-38.47,-16.21,-21.25,-24.97,-17.01,-20.80
-123.5,-16.82,-10.43,-13.93,-31.82,-25.43,-28.93,-23.98,-20.25,-23.42,-33.40,-21.73,-29.55
-123.0,-9.54,-3.93,-16.34,-24.54,-18.93,-31.34,-20.02,-13.33,-25.89,-18.98,-12.97,-23.15
-122.5,-8.17,1.52,-5.07,-23.17,-13.48,-20.07,-18.61,-8.49,-15.83,-21.58,-8.70,-16.30
-122.0,-18.22,0.77,-19.53,-33.22,-14.23,-34.53,-28.25,-9.23,-28.76,-27.00,-9.04,-23.09
-121.5,-27.76,-14.75,-5.95,-42.76,-29.75,-20.95,-39.64,-26.03,-16.71,-30.06,-31.14,-15.74
-121.0,-15.70,-0.38,-7.96,-30.70,-15.38,-22.96,-25.68,-11.10,-19.03,-27.73,-10.83,-16.39
-120.5,-22.77,-1.12,-6.99,-37.77,-16.12,-21.99,-48.64,-10.71,-19.29,-36.89,-11.06,-16.18
-120.0,-8.83,-0.31,-6.04,-23.83,-15.31,-21.04,-20.45,-10.37,-16.73,-21.26,-10.07,-23.63
-119.5,-17.86,0.70,-8.04,-32.86,-14.30,-23.04,-29.28,-9.47,-20.81,-26.99,-10.25,-14.91
-119.0,-10.49,-6.52,-1.66,-25.49,-21.52,-16.66,-23.28,-16.92,-14.40,-24.99,-16.95,-11.43
-118.5,-20.41,-4.00,-9.75,-35.41,-19.00,-24.75,-43.27,-14.48,-19.14,-31.32,-14.27,-22.37
-118.0,-26.98,-8.67,-9.71,-41.98,-23.67,-24.71,-33.50,-20.17,-22.34,-29.70,-16.11,-16.95
-117.5,-18.91,-6.60,-13.31,-33.91,-21.60,-28.31,-29.87,-16.78,-21.03,-41.22,-21.15,-28.44
-117.0,-22.22,-15.88,-7.03,-37.22,-30.88,-22.03,-32.40,-25.04,-18.42,-40.44,-24.75,-18.97
-116.5,-16.40,-9.58,-14.98,-31.40,-24.58,-29.98,-28.56,-18.86,-25.96,-23.98,-19.93,-21.08
-116.0,-7.87,-4.71,-15.50,-22.87,-19.71,-30.50,-18.05,-15.55,-24.84,-20.23,-14.57,-23.23
-115.5,-15.90,-5.88,-10.78,-30.90,-20.88,-25.78,-26.33,-16.81,-21.90,-23.72,-17.58,-20.79
-115.0,-11.62,-8.41,-19.99,-26.62,-23.41,-34.99,-22.14,-18.71,-29.29,-22.10,-19.18,-40.43
-114.5,-12.37,-3.61,-18.14,-27.37,-18.61,-33.14,-22.25,-14.35,-25.99,-22.69,-13.60,-32.23
-114.0,-15.14,-11.26,-10.03,-30.14,-26.26,-25.03,-25.97,-20.61,-19.08,-28.56,-21.42,-19.84
-113.5,-38.33,-11.78,-23.20,-53.33,-26.78,-38.20,-34.38,-22.12,-32.25,-41.39,-27.16,-29.52
-113.0,-21.86,-7.51,-4.32,-36.86,-22.51,-19.32,-38.90,-17.28,-14.61,-31.60,-20.74,-16.07
-112.5,-19.77,-10.72,-4.36,-34.77,-25.72,-19.36,-28.09,-22.66,-14.81,-31.60,-19.08,-16.76
-112.0,-13.00,-10.29,-7.53,-28.00,-25.29,-22.53,-23.24,-19.89,-18.30,-27.01,-21.53,-21.70
-111.5,-12.28,-12.47,-8.88,-27.28,-27.47,-23.88,-24.17,-21.54,-20.58,-20.84,-24.22,-21.81
-111.0,-7.40,-8.82,-11.96,-22.40,-23.82,-26.96,-18.33,-19.23,-21.97,-20.72,-23.02,-26.59
-110.5,-9.86,-13.96,-5.59,-24.86,-28.96,-20.59,-21.70,-24.27,-16.74,-19.17,-30.32,-18.83
-110.0,-22.15,-10.12,-4.61,-37.15,-25.12,-19.61,-32.88,-22.31,-15.24,-25.60,-18.60,-16.49
-109.5,-2.55,-8.93,-12.93,-17.55,-23.93,-27.93,-12.89,-19.81,-23.24,-14.22,-17.03,-22.12
-109.0,-5.27,-6.80,-8.23,-20.27,-21.80,-23.23,-16.03,-17.58,-17.28,-14.43,-15.62,-17.62
-108.5,-2.43,-0.98,-1.43,-17.43,-15.98,-16.43,-13.09,-11.47,-11.25,-13.03,-11.52,-12.16
-108.0,-0.39,0.56,0.70,-15.39,-14.44,-14.30,-10.89,-9.87,-9.44,-12.24,-11.08,-9.39
-107.5,-0.64,-0.62,3.46,-15.64,-15.62,-11.54,-11.51,-11.05,-6.97,-10.21,-11.51,-6.10
-107.0,-0.45,-4.26,-0.94,-15.45,-19.26,-15.94,-10.84,-14.77,-11.69,-11.15,-14.16,-10.07
-106.5,-4.39,-9.49,-14.79,-19.39,-24.49,-29.79,-14.09,-19.40,-25.46,-15.92,-18.80,-18.69
-106.0,-6.23,-3.89,-5.75,-21.23,-18.89,-20.75,-16.88,-14.39,-15.72,-15.10,-14.79,-15.04
-105.5,-4.93,-4.58,-3.51,-19.93,-19.58,-18.51,-14.51,-14.97,-13.30,-14.68,-15.19,-11.77
-105.0,-7.10,-11.51,-6.55,-22.10,-26.51,-21.55,-17.23,-20.29,-15.70,-20.41,-18.56,-13.44
-104.5,-10.50,-25.87,-8.91,-25.50,-40.87,-23.91,-21.11,-35.23,-18.07,-17.69,-28.04,-19.30
-104.0,-20.07,-15.14,-10.74,-35.07,-30.14,-25.74,-32.89,-27.00,-16.93,-27.61,-28.52,-20.77
-103.5,-10.60,-13.40,-11.03,-25.60,-28.40,-26.03,-20.23,-22.49,-16.04,-22.87,-26.24,-16.79
-103.0,-11.05,-11.61,-6.48,-26.05,-26.61,-21.48,-22.14,-22.01,-14.60,-27.99,-21.02,-14.00
-102.5,-14.71,-15.41,-10.37,-29.71,-30.41,-25.37,-24.51,-24.99,-18.29,-21.48,-21.72,-16.82
-102.0,-11.59,-11.26,-19.89,-26.59,-26.26,-34.89,-22.26,-22.38,-27.18,-19.42,-25.55,-25.94
-101.5,-8.78,-8.56,-6.54,-23.78,-23.56,-21.54,-19.29,-18.44,-15.67,-23.54,-19.42,-15.96
-101.0,-12.83,-15.30,-12.55,-27.83,-30.30,-27.55,-22.86,-24.63,-20.77,-28.23,-23.82,-19.13
-100.5,-17.76,-4.18,-12.78,-32.76,-19.18,-27.78,-26.35,-14.39,-20.57,-22.83,-15.37,-18.79
-100.0,-24.04,-15.22,-18.33,-39.04,-30.22,-33.33,-47.54,-22.82,-44.44,-26.37,-24.22,-33.39
-99.5,-12.94,-16.14,-18.25,-27.94,-31.14,-33.25,-21.70,-25.18,-24.15,-22.65,-24.68,-23.88
-99.0,-7.54,-7.27,-9.28,-22.54,-22.27,-24.28,-17.35,-17.06,-18.19,-19.37,-16.15,-17.65
-98.5,-9.77,-11.02,-20.73,-24.77,-26.02,-35.73,-19.76,-21.58,-38.69,-20.40,-20.17,-33.11
-98.0,-5.94,-6.87,-12.34,-20.94,-21.87,-27.34,-16.44,-17.29,-21.35,-15.24,-17.64,-23.39
-97.5,-12.30,-10.42,-13.27,-27.30,-25.42,-28.27,-22.01,-20.93,-23.82,-23.95,-20.91,-22.27
-97.0,-17.02,-6.82,-4.43,-32.02,-21.82,-19.43,-25.10,-18.84,-14.76,-25.86,-17.22,-16.16
-96.5,-12.77,-10.00,-14.63,-27.77,-25.00,-29.63,-24.26,-20.64,-23.59,-32.77,-24.14,-26.65
-96.0,-6.28,-23.98,-4.12,-21.28,-38.98,-19.12,-18.08,-32.52,-15.55,-19.16,-23.36,-16.98
-95.5,-13.84,-12.07,-20.13,-28.84,-27.07,-35.13,-25.84,-22.16,-27.07,-20.99,-31.22,-24.04
-95.0,-18.69,-5.08,-7.40,-33.69,-20.08,-22.40,-32.97,-16.89,-17.53,-25.89,-19.95,-17.24
-94.5,-5.20,-10.20,-5.27,-20.20,-25.20,-20.27,-14.23,-17.95,-17.40,-17.29,-21.06,-16.88
-94.0,-2.50,-6.10,-15.69,-17.50,-21.10,-30.69,-13.22,-15.84,-22.13,-11.17,-14.33,-19.75
-93.5,0.14,-10.12,-0.73,-14.86,-25.12,-15.73,-10.04,-19.48,-10.32,-11.92,-24.51,-9.81
-93.0,-4.74,-1.12,-8.33,-19.74,-16.12,-23.33,-14.86,-12.65,-19.65,-12.29,-11.30,-18.72
-92.5,-4.99,-6.47,-1.43,-19.99,-21.47,-16.43,-13.69,-18.92,-11.45,-16.61,-17.82,-11.33
-92.0,-8.61,-14.15,-10.95,-23.61,-29.15,-25.95,-18.96,-18.91,-22.24,-16.21,-23.36,-23.24
-91.5,-10.85,0.42,0.35,-25.85,-14.58,-14.65,-20.25,-10.44,-11.55,-20.01,-11.52,-11.56
-91.0,-1.13,5.12,5.04,-16.13,-9.88,-9.96,-10.13,-4.21,-4.82,-12.00,-3.85,-4.63
-90.5,4.34,7.52,11.23,-10.66,-7.48,-3.77,-5.03,-2.40,1.01,-4.69,-2.61,0.95
-90.0,5.24,4.81,6.47,-9.76,-10.19,-8.53,-3.98,-4.67,-3.91,-3.51,-4.82,-3.81
-89.5,5.95,5.66,5.40,-9.05,-9.34,-9.60,-4.09,-3.87,-4.78,-5.25,-3.43,-4.67
-89.0,5.31,-3.52,3.16,-9.69,-18.52,-11.84,-5.57,-12.83,-6.07,-5.28,-14.91,-5.78
-88.5,2.63,-3.26,-8.01,-12.37,-18.26,-23.01,-7.66,-13.03,-16.18,-6.70,-11.92,-15.49
-88.0,-3.60,-8.30,-5.65,-18.60,-23.30,-20.65,-13.40,-17.95,-14.99,-16.38,-22.40,-14.99
-87.5,-5.99,-10.28,-1.78,-20.99,-25.28,-16.78,-16.01,-24.18,-12.98,-17.86,-25.57,-12.11
-87.0,-3.93,0.97,-5.59,-18.93,-14.03,-20.59,-15.47,-9.20,-14.54,-14.71,-10.75,-14.90
-86.5,-13.45,0.74,-8.72,-28.45,-14.26,-23.72,-27.16,-9.45,-20.64,-30.22,-8.02,-17.27
-86.0,-14.17,-6.84,-24.03,-29.17,-21.84,-39.03,-22.22,-18.63,-35.95,-22.38,-19.19,-24.05
-85.5,-15.83,-4.75,-28.93,-30.83,-19.75,-43.93,-25.17,-14.24,-24.50,-24.45,-14.62,-29.06
-85.0,-15.55,-13.89,-10.14,-30.55,-28.89,-25.14,-22.93,-22.04,-22.70,-23.64,-22.79,-18.37
-84.5,-6.29,-19.18,-7.67,-21.29,-34.18,-22.67,-16.55,-35.19,-16.22,-16.69,-24.26,-19.90
-84.0,-9.43,-3.79,-8.90,-24.43,-18.79,-23.90,-21.04,-13.40,-18.72,-20.20,-15.65,-25.72
-83.5,-34.13,-13.76,-14.04,-49.13,-28.76,-29.04,-34.82,-22.98,-25.52,-24.40,-24.04,-19.88
-83.0,-20.72,-7.74,-10.79,-35.72,-22.74,-25.79,-31.75,-17.04,-21.02,-27.26,-15.13,-23.66
-82.5,-3.18,-6.72,-16.71,-18.18,-21.72,-31.71,-13.09,-17.63,-26.35,-15.63,-20.36,-23.52
-82.0,-8.88,-20.26,-13.47,-23.88,-35.26,-28.47,-19.14,-25.59,-26.00,-15.78,-29.28,-31.50
-81.5,-14.05,-15.20,-7.04,-29.05,-30.20,-22.04,-26.50,-26.47,-17.97,-23.22,-25.39,-18.17
-81.0,-10.71,-19.14,-21.43,-25.71,-34.14,-36.43,-20.93,-33.81,-33.83,-21.46,-25.10,-28.14
-80.5,-7.26,-13.49,-16.31,-22.26,-28.49,-31.31,-17.03,-24.39,-26.23,-19.26,-19.30,-22.90
-80.0,-8.50,-21.64,-10.97,-23.50,-36.64,-25.97,-19.79,-30.32,-22.04,-18.20,-33.24,-22.11
-79.5,-43.97,-7.89,-10.96,-58.97,-22.89,-25.96,-37.26,-18.93,-25.31,-31.03,-17.66,-18.26
-79.0,-11.26,-15.75,-10.98,-26.26,-30.75,-25.98,-21.66,-29.07,-22.45,-23.75,-22.87,-17.38
-78.5,-10.49,-7.02,-8.91,-25.49,-22.02,-23.91,-22.12,-17.69,-20.86,-22.63,-20.05,-17.32
-78.0,-12.99,-8.95,-6.77,-27.99,-23.95,-21.77,-24.85,-19.25,-17.22,-23.02,-21.69,-25.12
-77.5,-13.80,-13.81,-3.80,-28.80,-28.81,-18.80,-24.85,-25.58,-15.28,-31.61,-24.34,-12.52
-77.0,-21.32,-9.53,-2.96,-36.32,-24.53,-17.96,-33.89,-20.50,-13.65,-34.05,-22.77,-17.65
-76.5,-10.62,-9.22,-5.03,-25.62,-24.22,-20.03,-21.78,-21.11,-18.16,-18.09,-18.26,-14.02
-76.0,-10.30,-18.59,-2.41,-25.30,-33.59,-17.41,-19.71,-28.80,-13.82,-23.30,-32.00,-18.08
-75.5,-7.94,-7.03,-10.41,-22.94,-22.03,-25.41,-18.11,-18.31,-22.65,-21.66,-19.15,-16.18
-75.0,-14.70,-24.61,-1.96,-29.70,-39.61,-16.96,-24.23,-32.54,-12.57,-21.83,-26.90,-15.03
-74.5,-6.88,-15.10,-11.01,-21.88,-30.10,-26.01,-17.91,-23.16,-21.08,-15.77,-21.81,-22.52
-74.0,-3.44,-4.31,-10.00,-18.44,-19.31,-25.00,-13.39,-15.62,-21.83,-14.82,-15.13,-25.16
-73.5,-12.88,-10.33,-8.28,-27.88,-25.33,-23.28,-23.62,-20.21,-17.99,-28.37,-22.51,-20.85
-73.0,-7.99,-5.51,-12.02,-22.99,-20.51,-27.02,-17.89,-15.83,-22.65,-16.22,-17.45,-20.85
-72.5,-15.45,-12.52,-12.17,-30.45,-27.52,-27.17,-22.92,-22.61,-24.90,-22.24,-18.71,-20.94
-72.0,-8.97,-5.00,-5.13,-23.97,-20.00,-20.13,-19.48,-15.67,-15.41,-20.64,-18.05,-17.77
-71.5,-11.10,-7.78,-13.13,-26.10,-22.78,-28.13,-20.82,-18.27,-23.06,-21.66,-16.33,-17.49
-71.0,-10.18,-7.01,-3.00,-25.18,-22.01,-18.00,-20.11,-17.79,-13.06,-21.25,-16.91,-17.05
-70.5,-7.18,-5.82,-4.22,-22.18,-20.82,-19.22,-17.99,-15.80,-15.22,-16.08,-17.55,-14.95
-70.0,-12.51,-5.94,-2.47,-27.51,-20.94,-17.47,-23.46,-16.04,-13.30,-25.18,-15.50,-11.30
-69.5,-12.22,-8.15,-3.86,-27.22,-23.15,-18.86,-19.68,-18.30,-14.06,-22.12,-16.13,-16.93
-69.0,-10.43,-4.78,-2.93,-25.43,-19.78,-17.93,-19.45,-14.38,-14.38,-22.31,-15.24,-13.06
-68.5,-6.32,-3.61,-4.61,-21.32,-18.61,-19.61,-16.09,-13.07,-15.32,-15.22,-16.16,-15.17
-68.0,-8.73,-14.18,-13.44,-23.73,-29.18,-28.44,-18.80,-24.77,-23.13,-18.65,-18.04,-23.65
-67.5,-9.71,-6.24,-7.01,-24.71,-21.24,-22.01,-18.19,-17.47,-17.12,-19.35,-13.61,-16.87
-67.0,-12.55,-4.21,-7.71,-27.55,-19.21,-22.71,-23.52,-13.72,-16.59,-23.71,-18.22,-17.84
-66.5,-8.45,-4.22,-9.06,-23.45,-19.22,-24.06,-18.27,-14.66,-19.46,-17.30,-13.79,-17.81
-66.0,-16.46,-19.97,-7.77,-31.46,-34.97,-22.77,-24.93,-35.20,-18.19,-27.87,-21.24,-19.43
-65.5,-6.37,-1.69,-7.79,-21.37,-16.69,-22.79,-15.65,-11.08,-17.17,-15.96,-12.65,-17.93
-65.0,-5.46,-11.35,-9.55,-20.46,-26.35,-24.55,-14.58,-21.78,-19.81,-14.82,-19.19,-16.52
-64.5,-10.70,-8.27,-2.83,-25.70,-23.27,-17.83,-20.26,-17.43,-11.83,-24.45,-17.65,-13.65
-64.0,-7.21,-5.15,-15.44,-22.21,-20.15,-30.44,-17.11,-16.36,-32.18,-14.53,-13.84,-19.07
-63.5,-16.59,-6.72,-6.13,-31.59,-21.72,-21.13,-27.31,-16.26,-15.28,-21.94,-17.81,-14.21
-63.0,-1.83,-4.48,-15.08,-16.83,-19.48,-30.08,-11.29,-14.74,-25.80,-12.94,-15.37,-27.18
-62.5,-7.51,-2.73,-9.15,-22.51,-17.73,-24.15,-18.69,-12.87,-21.50,-16.73,-13.13,-19.71
-62.0,-9.31,-6.47,-10.95,-24.31,-21.47,-25.95,-19.99,-16.91,-22.03,-19.08,-17.64,-30.35
-61.5,-5.04,-7.75,-18.04,-20.04,-22.75,-33.04,-15.91,-19.05,-27.38,-16.74,-20.22,-28.72
-61.0,-11.87,-22.37,-6.74,-26.87,-37.37,-21.74,-23.13,-27.12,-18.36,-19.80,-41.86,-21.94
-60.5,-8.03,-2.95,-8.22,-23.03,-17.95,-23.22,-19.57,-14.09,-18.38,-16.94,-17.78,-21.01
-60.0,-6.81,0.99,-14.18,-21.81,-14.01,-29.18,-17.71,-11.38,-26.91,-24.27,-9.28,-21.51
-59.5,-9.29,3.52,-10.77,-24.29,-11.48,-25.77,-18.53,-7.87,-23.38,-26.14,-8.17,-25.45
-59.0,-12.81,0.65,-10.22,-27.81,-14.35,-25.22,-23.49,-10.48,-22.50,-21.75,-11.47,-21.01
-58.5,-19.71,-9.43,-8.30,-34.71,-24.43,-23.30,-34.49,-19.94,-17.59,-23.05,-32.89,-20.29
-58.0,-14.18,-1.95,-11.92,-29.18,-16.95,-26.92,-25.57,-14.26,-24.35,-26.36,-12.22,-16.34
-57.5,-15.71,3.66,-3.94,-30.71,-11.34,-18.94,-27.01,-7.78,-13.95,-30.51,-8.42,-21.21
-57.0,-25.23,1.83,-4.56,-40.23,-13.17,-19.56,-31.86,-10.06,-15.38,-29.54,-9.47,-24.20
-56.5,-10.78,-4.74,-7.57,-25.78,-19.74,-22.57,-20.17,-15.62,-17.54,-25.54,-18.20,-21.53
-56.0,-17.85,-8.99,-14.21,-32.85,-23.99,-29.21,-25.74,-20.28,-23.79,-26.34,-19.07,-23.26
-55.5,-16.33,-6.41,-24.11,-31.33,-21.41,-39.11,-24.26,-17.21,-33.41,-27.60,-20.09,-32.75
-55.0,-17.28,-5.47,-10.50,-32.28,-20.47,-25.50,-25.58,-17.41,-19.96,-29.12,-16.17,-22.30
-54.5,-20.92,-8.99,-26.37,-35.92,-23.99,-41.37,-26.23,-20.93,-32.08,-24.25,-19.55,-24.94
-54.0,-10.51,-8.54,-14.31,-25.51,-23.54,-29.31,-19.57,-21.10,-22.32,-20.71,-21.57,-24.28
-53.5,-20.78,-10.38,-12.68,-35.78,-25.38,-27.68,-27.74,-21.23,-18.94,-25.76,-21.44,-52.01
-53.0,-21.97,-10.59,-7.51,-36.97,-25.59,-22.51,-30.00,-23.74,-16.59,-30.18,-21.93,-26.94
-52.5,-16.76,-9.77,-7.57,-31.76,-24.77,-22.57,-25.55,-20.50,-17.40,-26.62,-19.99,-19.87
-52.0,-24.37,-19.08,-13.93,-39.37,-34.08,-28.93,-36.41,-29.48,-24.07,-31.23,-31.57,-29.41
-51.5,-15.09,-11.06,-9.47,-30.09,-26.06,-24.47,-25.75,-20.23,-19.50,-27.88,-24.49,-17.79
-51.0,-20.32,-8.70,-15.80,-35.32,-23.70,-30.80,-30.94,-19.77,-24.13,-46.42,-19.02,-23.51
-50.5,-16.41,-11.71,-29.31,-31.41,-26.71,-44.31,-25.81,-22.00,-32.14,-27.25,-20.21,-28.23
-50.0,-34.95,-12.64,-5.69,-49.95,-27.64,-20.69,-32.62,-21.58,-17.79,-28.90,-37.20,-19.11
-49.5,-20.99,-18.49,-5.49,-35.99,-33.49,-20.49,-29.48,-32.60,-16.59,-25.59,-20.98,-23.24
-49.0,-10.67,-7.64,-6.44,-25.67,-22.64,-21.44,-19.15,-17.25,-17.08,-28.45,-23.61,-20.56
-48.5,-12.31,-14.76,-8.28,-27.31,-29.76,-23.28,-22.25,-24.07,-20.69,-17.22,-44.91,-16.01
-48.0,-9.25,-19.45,-18.66,-24.25,-34.45,-33.66,-17.95,-30.15,-23.53,-22.24,-22.63,-32.27
-47.5,-21.45,-11.89,-8.38,-36.45,-26.89,-23.38,-30.61,-19.94,-16.90,-21.24,-22.99,-17.97
-47.0,-6.84,-17.52,-18.25,-21.84,-32.52,-33.25,-16.38,-29.47,-27.04,-19.84,-29.85,-18.45
-46.5,-14.13,-8.94,-10.90,-29.13,-23.94,-25.90,-23.58,-17.22,-19.00,-19.84,-17.44,-19.40
-46.0,-7.01,-10.04,-3.56,-22.01,-25.04,-18.56,-15.77,-18.73,-12.45,-17.26,-18.91,-14.82
-45.5,-11.89,-9.40,-19.14,-26.89,-24.40,-34.14,-20.76,-17.02,-23.88,-19.24,-19.16,-22.17
-45.0,-13.51,-11.89,-4.42,-28.51,-26.89,-19.42,-21.59,-20.15,-13.52,-21.36,-17.03,-13.15
-44.5,-6.50,-12.40,-10.20,-21.50,-27.40,-25.20,-16.05,-19.29,-17.56,-15.86,-21.93,-16.26
-44.0,-10.48,-9.73,-11.91,-25.48,-24.73,-26.91,-19.61,-18.11,-20.18,-20.71,-20.66,-20.89
-43.5,-12.84,-12.33,-17.69,-27.84,-27.33,-32.69,-20.16,-21.12,-23.09,-21.27,-18.49,-24.13
-43.0,-11.05,-17.49,-10.11,-26.05,-32.49,-25.11,-19.86,-23.97,-23.02,-19.19,-30.79,-21.87
-42.5,-21.08,-14.59,-5.65,-36.08,-29.59,-20.65,-25.69,-23.14,-14.90,-29.82,-21.00,-15.39
-42.0,-14.39,-19.28,-10.86,-29.39,-34.28,-25.86,-22.18,-27.98,-21.42,-19.39,-26.17,-22.36
-41.5,-10.00,-15.39,-10.00,-25.00,-30.39,-25.00,-19.69,-25.13,-19.92,-21.16,-26.52,-21.10
-41.0,-18.57,-31.93,-11.72,-33.57,-46.93,-26.72,-31.76,-44.62,-20.79,-30.43,-39.07,-22.49
-40.5,-14.54,-19.68,-14.83,-29.54,-34.68,-29.83,-22.12,-28.57,-23.80,-28.96,-28.60,-27.69
-40.0,-18.60,-13.92,-17.16,-33.60,-28.92,-32.16,-28.44,-26.00,-26.28,-25.48,-24.60,-27.70
-39.5,-12.68,-16.52,-17.01,-27.68,-31.52,-32.01,-21.23,-25.43,-22.12,-26.31,-29.77,-25.51
-39.0,-14.13,-11.03,-8.68,-29.13,-26.03,-23.68,-25.11,-23.39,-18.80,-24.09,-20.68,-18.77
-38.5,-22.27,-9.97,-8.82,-37.27,-24.97,-23.82,-31.74,-20.98,-20.70,-27.96,-25.17,-21.54
-38.0,-12.69,-14.54,-17.40,-27.69,-29.54,-32.40,-21.88,-25.65,-29.59,-25.89,-22.53,-47.78
-37.5,-12.37,-21.21,-8.83,-27.37,-36.21,-23.83,-22.48,-33.00,-18.21,-19.55,-28.25,-20.61
-37.0,-12.99,-12.17,-6.45,-27.99,-27.17,-21.45,-22.59,-22.91,-17.59,-23.43,-22.47,-19.55
-36.5,-27.40,-19.04,-7.09,-42.40,-34.04,-22.09,-37.09,-29.68,-18.27,-31.28,-29.14,-17.79
-36.0,-11.21,-14.33,-17.30,-26.21,-29.33,-32.30,-20.32,-27.42,-25.71,-22.36,-25.09,-22.28
-35.5,-21.24,-18.82,-12.90,-36.24,-33.82,-27.90,-31.55,-29.97,-21.10,-25.35,-26.31,-26.17
-35.0,-16.60,-16.76,-12.10,-31.60,-31.76,-27.10,-25.33,-25.15,-22.86,-33.51,-24.72,-19.38
-34.5,-22.65,-6.53,-19.35,-37.65,-21.53,-34.35,-30.86,-18.10,-26.34,-27.96,-17.05,-25.15
-34.0,-26.71,-6.80,-12.76,-41.71,-21.80,-27.76,-35.60,-17.86,-22.78,-33.88,-17.99,-21.28
-33.5,-19.46,-8.59,-31.18,-34.46,-23.59,-46.18,-28.85,-18.72,-42.90,-45.47,-20.47,-26.22
-33.0,-17.99,-8.91,-24.21,-32.99,-23.91,-39.21,-29.10,-19.67,-31.44,-25.93,-20.47,-29.83
-32.5,-16.34,-13.04,-12.27,-31.34,-28.04,-27.27,-27.05,-24.29,-24.47,-24.28,-21.58,-26.64
-32.0,-15.64,-14.41,-15.78,-30.64,-29.41,-30.78,-25.90,-22.90,-25.57,-34.80,-21.05,-27.11
-31.5,-21.36,-12.08,-17.90,-36.36,-27.08,-32.90,-28.77,-22.43,-26.97,-28.37,-21.41,-31.94
-31.0,-17.26,-16.43,-16.64,-32.26,-31.43,-31.64,-26.90,-27.00,-27.16,-32.98,-24.80,-29.40
-30.5,-23.55,-17.49,-29.59,-38.55,-32.49,-44.59,-29.82,-25.24,-35.11,-33.72,-22.52,-30.09
-30.0,-32.89,-22.55,-13.17,-47.89,-37.55,-28.17,-40.55,-28.30,-24.07,-39.97,-39.37,-24.24
-29.5,-17.14,-14.64,2.00,-32.14,-29.64,-13.00,-26.48,-24.74,-10.08,-29.65,-26.75,-9.56
-29.0,-11.77,-9.35,5.79,-26.77,-24.35,-9.21,-21.46,-20.30,-6.18,-22.51,-18.31,-6.53
-28.5,-28.90,-18.74,2.58,-43.90,-33.74,-12.42,-44.74,-27.78,-9.19,-28.47,-31.34,-8.90
-28.0,-13.36,-15.39,-0.25,-28.36,-30.39,-15.25,-23.00,-25.40,-12.66,-27.53,-22.01,-12.63
-27.5,-13.41,-19.19,-1.38,-28.41,-34.19,-16.38,-23.86,-30.58,-12.64,-24.37,-26.42,-13.17
-27.0,-23.23,-38.00,-6.40,-38.23,-53.00,-21.40,-32.51,-39.11,-17.70,-31.28,-32.83,-16.50
-26.5,-17.55,-14.86,-4.87,-32.55,-29.86,-19.87,-26.57,-25.61,-15.55,-27.47,-24.92,-15.40
-26.0,-24.59,-22.27,-17.27,-39.59,-37.27,-32.27,-34.46,-30.39,-25.95,-32.14,-27.41,-27.87
-25.5,-34.87,-13.10,-10.21,-49.87,-28.10,-25.21,-42.63,-22.68,-20.40,-37.71,-23.44,-22.27
-25.0,-24.99,-19.94,-17.39,-39.99,-34.94,-32.39,-33.47,-27.82,-26.06,-30.10,-28.55,-23.64
-24.5,-19.11,-16.91,-16.52,-34.11,-31.91,-31.52,-30.31,-25.61,-26.02,-36.19,-27.47,-26.10
-24.0,-24.92,-10.77,-13.80,-39.92,-25.77,-28.80,-34.55,-21.39,-22.53,-29.76,-21.12,-26.85
-23.5,-33.54,-17.08,-12.19,-48.54,-32.08,-27.19,-43.72,-26.42,-22.89,-35.57,-22.97,-19.76
-23.0,-19.94,-16.07,-15.97,-34.94,-31.07,-30.97,-29.56,-26.27,-24.61,-30.93,-29.73,-41.90
-22.5,-30.22,-15.91,-15.26,-45.22,-30.91,-30.26,-41.02,-26.58,-25.38,-43.75,-29.98,-23.60
-22.0,-14.58,-17.57,-12.67,-29.58,-32.57,-27.67,-23.86,-27.33,-21.90,-26.56,-23.28,-33.30
-21.5,-13.13,-10.72,-16.32,-28.13,-25.72,-31.32,-23.48,-22.35,-24.02,-24.91,-19.72,-32.98
-21.0,-17.30,-16.32,-11.05,-32.30,-31.32,-26.05,-31.47,-28.14,-20.86,-25.35,-24.27,-29.09
-20.5,-13.82,-17.29,-14.62,-28.82,-32.29,-29.62,-24.78,-28.87,-23.97,-25.51,-24.14,-27.86
-20.0,-16.48,-23.41,-13.46,-31.48,-38.41,-28.46,-25.56,-33.52,-23.34,-32.16,-24.82,-23.14
-19.5,-23.00,-16.17,-14.69,-38.00,-31.17,-29.69,-31.71,-25.08,-26.61,-26.34,-31.85,-26.71
-19.0,-22.30,-12.33,-24.98,-37.30,-27.33,-39.98,-30.83,-22.03,-36.88,-24.78,-26.76,-27.20
-18.5,-17.42,-14.22,-22.74,-32.42,-29.22,-37.74,-25.87,-23.33,-39.60,-21.64,-27.59,-27.50
-18.0,-16.87,-20.18,-19.04,-31.87,-35.18,-34.04,-26.65,-27.01,-29.37,-22.09,-35.20,-24.02
-17.5,-13.18,-19.43,-20.55,-28.18,-34.43,-35.55,-22.71,-27.77,-29.77,-19.93,-32.07,-31.40
-17.0,-11.04,-37.17,-20.42,-26.04,-52.17,-35.42,-20.98,-35.95,-27.74,-18.67,-32.04,-22.54
-16.5,-14.13,-14.30,-12.24,-29.13,-29.30,-27.24,-24.13,-26.58,-21.96,-21.28,-25.35,-26.97
-16.0,-17.54,-12.78,-16.56,-32.54,-27.78,-31.56,-25.68,-24.73,-25.94,-23.58,-24.30,-29.61
-15.5,-13.26,-25.71,-17.05,-28.26,-40.71,-32.05,-23.27,-36.39,-27.34,-22.46,-30.07,-29.80
-15.0,-11.32,-16.15,-11.98,-26.32,-31.15,-26.98,-21.10,-27.07,-21.93,-20.80,-31.89,-25.63
-14.5,-19.67,-26.33,-14.91,-34.67,-41.33,-29.91,-27.28,-32.16,-24.37,-27.94,-34.95,-28.72
-14.0,-19.98,-15.00,-14.56,-34.98,-30.00,-29.56,-27.27,-24.89,-24.50,-25.95,-38.91,-22.61
-13.5,-21.21,-12.83,-17.28,-36.21,-27.83,-32.28,-30.27,-22.15,-26.81,-26.43,-31.80,-28.02
-13.0,-19.61,-10.77,-17.17,-34.61,-25.77,-32.17,-31.48,-19.95,-26.77,-26.46,-30.23,-24.37
-12.5,-15.47,-8.85,-12.26,-30.47,-23.85,-27.26,-26.40,-19.46,-20.77,-24.15,-38.24,-23.24
-12.0,-16.16,-9.43,-22.67,-31.16,-24.43,-37.67,-27.90,-19.29,-32.55,-25.43,-24.50,-21.66
-11.5,-15.64,-18.84,-22.98,-30.64,-33.84,-37.98,-28.06,-26.98,-25.97,-25.81,-24.92,-33.52
-11.0,-15.79,-14.22,-20.10,-30.79,-29.22,-35.10,-28.11,-25.58,-32.01,-26.68,-28.39,-23.64
-10.5,-21.07,-15.22,-13.13,-36.07,-30.22,-28.13,-30.72,-27.11,-23.49,-30.59,-23.58,-28.88
-10.0,-22.21,-23.17,-22.19,-37.21,-38.17,-37.19,-34.41,-35.26,-25.56,-32.55,-24.80,-27.61
-9.5,-14.25,-27.19,-9.78,-29.25,-42.19,-24.78,-25.71,-32.02,-20.02,-23.31,-30.68,-22.80
-9.0,-14.42,-14.61,-26.34,-29.42,-29.61,-41.34,-26.23,-24.18,-29.50,-24.03,-28.28,-31.63
-8.5,-8.74,-13.04,-7.90,-23.74,-28.04,-22.90,-19.78,-22.30,-20.50,-18.81,-23.41,-19.57
-8.0,-8.69,-16.25,-5.03,-23.69,-31.25,-20.03,-20.26,-26.80,-17.36,-18.35,-23.89,-17.01
-7.5,-16.82,-17.62,-15.71,-31.82,-32.62,-30.71,-31.07,-36.65,-24.02,-23.12,-21.39,-29.26
-7.0,-18.55,-16.57,-8.76,-33.55,-31.57,-23.76,-26.35,-24.10,-20.46,-30.63,-27.51,-16.31
-6.5,-14.96,-8.68,-4.70,-29.96,-23.68,-19.70,-22.95,-18.83,-17.14,-38.63,-30.81,-14.24
-6.0,-13.87,-15.30,-3.38,-28.87,-30.30,-18.38,-23.50,-24.90,-15.34,-30.57,-24.94,-14.12
-5.5,-14.26,-11.88,-0.20,-29.26,-26.88,-15.20,-23.21,-22.64,-11.10,-35.87,-21.15,-14.20
-5.0,-9.57,-15.15,0.85,-24.57,-30.15,-14.15,-20.41,-25.33,-10.01,-23.78,-34.22,-14.07
-4.5,-17.12,-11.15,0.20,-32.12,-26.15,-14.80,-30.81,-21.59,-11.13,-25.00,-22.26,-14.59
-4.0,-4.45,-16.35,-6.10,-19.45,-31.35,-21.10,-15.26,-27.60,-19.16,-14.37,-35.99,-15.45
-3.5,-1.76,-10.74,-8.71,-16.76,-25.74,-23.71,-12.54,-20.89,-23.88,-12.34,-20.95,-16.68
-3.0,-6.05,-8.50,-10.11,-21.05,-23.50,-25.11,-16.72,-20.18,-23.20,-16.81,-19.32,-18.65
-2.5,-12.10,-3.24,-7.66,-27.10,-18.24,-22.66,-23.64,-14.19,-16.69,-27.49,-15.83,-20.66
-2.0,-3.55,-2.24,-9.38,-18.55,-17.24,-24.38,-15.13,-12.84,-21.05,-17.85,-15.89,-37.77
-1.5,0.19,-12.04,-1.39,-14.81,-27.04,-16.39,-10.82,-24.12,-12.64,-12.13,-16.46,-18.69
-1.0,4.23,-2.05,5.39,-10.77,-17.05,-9.61,-5.52,-12.28,-5.30,-5.42,-9.57,-8.53
-0.5,11.12,-4.31,7.06,-3.88,-19.31,-7.94,0.64,-21.08,-3.81,0.85,-22.03,-7.44
0.0,13.41,5.58,4.08,-1.59,-9.42,-10.92,2.76,-7.52,-10.70,2.93,-9.06,-19.77
0.5,11.36,1.08,0.15,-3.64,-13.92,-14.85,1.02,-11.35,-10.74,1.17,-12.53,-19.92
1.0,5.05,-3.30,3.43,-9.95,-18.30,-11.57,-4.61,-14.82,-7.45,-4.72,-10.87,-9.97
1.5,0.97,-8.79,1.87,-14.03,-23.79,-13.13,-10.05,-20.31,-9.57,-11.80,-14.48,-11.57
2.0,-2.70,-2.22,-4.38,-17.70,-17.22,-19.38,-13.76,-13.42,-16.05,-16.87,-18.04,-16.43
2.5,-11.52,-0.05,-17.41,-26.52,-15.05,-32.41,-20.70,-11.28,-24.59,-23.99,-13.20,-22.72
3.0,-7.15,-4.04,-15.45,-22.15,-19.04,-30.45,-17.27,-15.34,-35.05,-17.25,-15.57,-24.38
3.5,-2.40,-9.38,-3.39,-17.40,-24.38,-18.39,-13.54,-19.28,-14.26,-13.23,-21.01,-13.59
4.0,-4.48,-11.57,-2.65,-19.48,-26.57,-17.65,-15.68,-23.18,-14.46,-14.56,-30.15,-14.87
4.5,-20.64,-15.16,1.05,-35.64,-30.16,-13.95,-33.86,-24.23,-10.01,-22.75,-23.28,-12.89
5.0,-11.19,-13.40,0.42,-26.19,-28.40,-14.58,-22.45,-24.51,-10.76,-23.11,-32.16,-14.24
5.5,-13.86,-11.56,-1.24,-28.86,-26.56,-16.24,-22.79,-21.85,-12.75,-30.11,-22.80,-15.16
6.0,-11.76,-13.35,-2.75,-26.76,-28.35,-17.75,-21.33,-22.81,-14.55,-31.09,-30.53,-13.43
6.5,-16.39,-8.92,-4.05,-31.39,-23.92,-19.05,-24.14,-19.23,-16.05,-41.79,-26.25,-13.03
7.0,-25.62,-14.84,-11.16,-40.62,-29.84,-26.16,-36.98,-23.93,-23.76,-27.23,-26.06,-22.21
7.5,-13.90,-14.27,-19.28,-28.90,-29.27,-34.28,-27.11,-28.07,-27.17,-22.53,-20.81,-23.67
8.0,-8.02,-15.38,-5.10,-23.02,-30.38,-20.10,-19.47,-26.60,-16.55,-19.03,-22.58,-17.27
8.5,-9.21,-14.55,-7.35,-24.21,-29.55,-22.35,-20.39,-23.64,-19.42,-20.26,-25.51,-19.59
9.0,-12.79,-14.96,-16.34,-27.79,-29.96,-31.34,-23.90,-24.47,-22.89,-21.93,-28.60,-31.12
9.5,-14.29,-31.75,-10.99,-29.29,-46.75,-25.99,-25.80,-52.01,-22.15,-23.56,-29.03,-29.39
10.0,-23.13,-28.95,-15.16,-38.13,-43.95,-30.16,-33.88,-42.69,-27.75,-32.42,-28.90,-23.56
10.5,-17.13,-14.01,-17.71,-32.13,-29.01,-32.71,-27.72,-25.60,-29.99,-28.44,-26.55,-34.49
11.0,-12.08,-11.92,-14.61,-27.08,-26.92,-29.61,-23.12,-23.27,-23.84,-23.08,-32.51,-23.22
11.5,-13.04,-20.12,-18.34,-28.04,-35.12,-33.34,-24.41,-29.49,-27.18,-24.74,-28.35,-30.65
12.0,-13.77,-11.23,-20.84,-28.77,-26.23,-35.84,-24.72,-21.50,-30.54,-25.77,-27.90,-21.16
12.5,-15.23,-8.16,-9.86,-30.23,-23.16,-24.86,-26.31,-18.60,-19.39,-28.55,-25.47,-23.27
13.0,-20.63,-11.69,-13.75,-35.63,-26.69,-28.75,-32.79,-21.42,-24.25,-29.18,-28.23,-31.02
13.5,-20.97,-12.88,-16.77,-35.97,-27.88,-31.77,-31.62,-22.92,-24.81,-25.59,-29.50,-27.29
14.0,-19.18,-19.79,-17.69,-34.18,-34.79,-32.69,-29.40,-29.95,-27.16,-25.31,-34.71,-21.27
14.5,-23.33,-30.02,-23.62,-38.33,-45.02,-38.62,-31.91,-37.86,-37.51,-27.67,-30.06,-27.25
15.0,-11.30,-16.87,-13.54,-26.30,-31.87,-28.54,-21.64,-26.90,-23.04,-19.72,-26.10,-29.07
15.5,-10.57,-21.13,-14.51,-25.57,-36.13,-29.51,-20.64,-32.60,-23.85,-18.63,-27.31,-29.67
16.0,-16.04,-20.18,-18.23,-31.04,-35.18,-33.23,-24.94,-36.09,-26.44,-21.58,-36.97,-31.83
16.5,-14.63,-22.87,-10.32,-29.63,-37.87,-25.32,-24.53,-32.96,-19.01,-20.51,-34.48,-24.55
17.0,-14.22,-13.97,-16.84,-29.22,-28.97,-31.84,-23.91,-24.28,-23.56,-20.21,-26.66,-22.42
17.5,-18.02,-14.75,-16.84,-33.02,-29.75,-31.84,-27.35,-24.52,-28.43,-22.28,-29.62,-21.40
18.0,-19.94,-19.65,-22.52,-34.94,-34.65,-37.52,-29.58,-26.50,-31.20,-23.79,-36.46,-30.54
18.5,-17.94,-13.68,-16.10,-32.94,-28.68,-31.10,-26.26,-22.60,-27.10,-22.29,-27.15,-25.21
19.0,-22.81,-15.40,-21.77,-37.81,-30.40,-36.77,-29.88,-23.77,-30.01,-26.13,-28.24,-26.80
19.5,-17.43,-21.15,-13.53,-32.43,-36.15,-28.53,-27.42,-29.60,-24.26,-24.20,-34.85,-24.23
20.0,-15.67,-32.33,-18.34,-30.67,-47.33,-33.34,-24.84,-45.41,-28.41,-25.00,-36.25,-29.52
20.5,-16.83,-16.70,-17.19,-31.83,-31.70,-32.19,-26.75,-28.47,-26.78,-28.95,-25.03,-30.38
21.0,-13.90,-15.74,-12.90,-28.90,-30.74,-27.90,-24.97,-26.98,-23.57,-28.02,-24.22,-25.83
21.5,-11.24,-10.89,-12.98,-26.24,-25.89,-27.98,-21.48,-21.87,-21.96,-23.59,-19.43,-35.32
22.0,-14.16,-33.41,-13.04,-29.16,-48.41,-28.04,-23.96,-45.84,-22.59,-23.87,-27.77,-24.90
22.5,-22.34,-14.36,-17.68,-37.34,-29.36,-32.68,-32.45,-24.23,-27.10,-36.38,-26.78,-32.67
23.0,-18.82,-20.27,-17.01,-33.82,-35.27,-32.01,-28.17,-29.65,-26.12,-27.95,-28.95,-31.27
23.5,-23.57,-18.30,-14.34,-38.57,-33.30,-29.34,-34.26,-28.02,-25.31,-28.80,-23.59,-27.00
24.0,-20.47,-19.74,-26.95,-35.47,-34.74,-41.95,-30.72,-32.31,-40.47,-25.93,-27.87,-34.40
24.5,-19.76,-27.81,-16.28,-34.76,-42.81,-31.28,-29.99,-38.52,-26.12,-33.57,-31.07,-28.09
25.0,-23.96,-17.77,-27.15,-38.96,-32.77,-42.15,-33.11,-26.68,-35.61,-29.00,-26.31,-34.75
25.5,-28.62,-19.65,-11.75,-43.62,-34.65,-26.75,-37.42,-29.99,-20.97,-32.33,-29.84,-25.10
26.0,-26.76,-11.93,-15.17,-41.76,-26.93,-30.17,-38.88,-21.69,-25.14,-33.26,-20.59,-36.01
26.5,-24.88,-14.46,-10.96,-39.88,-29.46,-25.96,-34.62,-23.55,-22.16,-31.84,-26.03,-19.19
27.0,-29.02,-17.24,-10.68,-44.02,-32.24,-25.68,-41.47,-27.57,-21.92,-33.21,-24.74,-26.96
27.5,-14.15,-23.09,-1.52,-29.15,-38.09,-16.52,-24.83,-35.67,-13.76,-23.34,-29.22,-13.52
28.0,-16.18,-12.94,3.63,-31.18,-27.94,-11.37,-25.67,-22.89,-8.17,-28.82,-20.42,-8.65
28.5,-24.50,-19.70,0.65,-39.50,-34.70,-14.35,-36.16,-28.66,-11.79,-31.08,-33.72,-11.24
29.0,-14.17,-13.01,-0.85,-29.17,-28.01,-15.85,-24.00,-22.70,-12.07,-25.00,-21.95,-12.31
29.5,-20.15,-14.47,-26.04,-35.15,-29.47,-41.04,-28.73,-25.20,-51.07,-30.16,-28.71,-29.85
30.0,-32.47,-33.99,-14.97,-47.47,-48.99,-29.97,-40.91,-41.01,-24.19,-44.79,-39.80,-29.44
30.5,-28.18,-19.97,-12.74,-43.18,-34.97,-27.74,-42.63,-28.01,-23.70,-36.18,-25.80,-23.03
31.0,-16.21,-15.02,-19.68,-31.21,-30.02,-34.68,-26.36,-25.14,-32.55,-30.12,-23.94,-30.62
31.5,-17.56,-10.73,-14.87,-32.56,-25.73,-29.87,-25.53,-21.35,-25.28,-27.17,-20.48,-29.51
32.0,-19.24,-11.48,-16.30,-34.24,-26.48,-31.30,-30.21,-20.23,-28.04,-39.70,-19.08,-28.72
32.5,-19.22,-12.67,-12.18,-34.22,-27.67,-27.18,-31.39,-23.02,-24.03,-26.48,-22.32,-23.03
33.0,-21.97,-10.14,-18.10,-36.97,-25.14,-33.10,-34.82,-20.73,-27.88,-40.11,-22.68,-54.77
33.5,-29.72,-9.62,-15.81,-44.72,-24.62,-30.81,-35.88,-20.50,-27.95,-36.43,-20.44,-27.11
34.0,-22.97,-12.24,-7.88,-37.97,-27.24,-22.88,-31.34,-25.30,-18.95,-31.51,-22.71,-18.29
34.5,-24.68,-10.75,-12.05,-39.68,-25.75,-27.05,-32.91,-23.64,-23.04,-32.09,-24.00,-22.36
35.0,-13.76,-22.52,-10.90,-28.76,-37.52,-25.90,-22.38,-39.29,-22.90,-27.74,-29.89,-24.72
35.5,-17.23,-20.86,-5.27,-32.23,-35.86,-20.27,-26.96,-31.66,-15.29,-22.30,-34.26,-15.78
36.0,-12.34,-24.58,-14.28,-27.34,-39.58,-29.28,-21.31,-35.20,-30.44,-24.52,-30.80,-28.80
36.5,-22.54,-20.63,-16.27,-37.54,-35.63,-31.27,-29.54,-33.48,-26.80,-29.50,-30.81,-23.69
37.0,-14.30,-10.88,-13.90,-29.30,-25.88,-28.90,-24.60,-21.37,-23.24,-28.66,-22.69,-28.53
37.5,-18.93,-16.91,-9.64,-33.93,-31.91,-24.64,-28.89,-27.46,-18.31,-23.59,-32.62,-23.45
38.0,-17.24,-12.00,-11.25,-32.24,-27.00,-26.25,-26.25,-23.05,-21.78,-34.36,-21.56,-41.08
38.5,-17.98,-11.71,-21.34,-32.98,-26.71,-36.34,-31.42,-23.37,-26.93,-24.80,-25.12,-26.52
39.0,-11.26,-17.67,-8.28,-26.26,-32.67,-23.28,-21.83,-30.84,-16.65,-22.37,-27.84,-21.69
39.5,-14.82,-17.35,-13.79,-29.82,-32.35,-28.79,-23.94,-30.57,-24.51,-28.20,-31.33,-40.10
40.0,-16.17,-13.42,-12.43,-31.17,-28.42,-27.43,-26.35,-26.39,-21.19,-25.67,-24.89,-17.75
40.5,-10.73,-25.21,-17.07,-25.73,-40.21,-32.07,-19.23,-33.38,-27.46,-22.27,-38.30,-28.20
41.0,-24.93,-25.01,-14.44,-39.93,-40.01,-29.44,-38.59,-45.92,-23.13,-29.35,-41.81,-26.79
41.5,-10.76,-13.75,-7.16,-25.76,-28.75,-22.16,-20.38,-23.50,-16.80,-20.85,-23.74,-17.30
42.0,-13.19,-23.03,-8.40,-28.19,-38.03,-23.40,-21.64,-29.82,-18.52,-19.21,-30.75,-19.51
42.5,-26.74,-15.78,-9.28,-41.74,-30.78,-24.28,-27.77,-24.90,-18.50,-30.82,-21.05,-18.73
43.0,-6.99,-12.11,-22.94,-21.99,-27.11,-37.94,-16.51,-20.43,-32.61,-16.35,-24.17,-35.98
43.5,-8.58,-12.55,-10.02,-23.58,-27.55,-25.02,-17.99,-20.53,-18.41,-18.95,-19.48,-17.40
44.0,-13.35,-13.40,-13.56,-28.35,-28.40,-28.56,-24.58,-21.16,-22.36,-27.99,-20.50,-22.23
44.5,-5.69,-9.20,-13.20,-20.69,-24.20,-28.20,-15.83,-16.81,-20.20,-15.31,-20.92,-20.36
45.0,-7.59,-12.59,-2.77,-22.59,-27.59,-17.77,-16.92,-21.28,-12.24,-17.02,-17.04,-11.80
45.5,-19.01,-10.64,-14.15,-34.01,-25.64,-29.15,-23.45,-18.40,-21.24,-21.84,-20.54,-19.82
46.0,-12.73,-10.39,-4.19,-27.73,-25.39,-19.19,-20.31,-18.80,-13.35,-22.51,-21.85,-15.46
46.5,-14.27,-9.80,-13.19,-29.27,-24.80,-28.19,-23.89,-17.85,-21.49,-20.88,-16.05,-24.82
47.0,-7.32,-16.18,-22.07,-22.32,-31.18,-37.07,-16.76,-26.90,-26.55,-19.41,-32.22,-21.10
47.5,-18.96,-9.76,-6.47,-33.96,-24.76,-21.47,-27.92,-18.07,-15.72,-21.21,-24.37,-16.72
48.0,-10.04,-14.54,-24.18,-25.04,-29.54,-39.18,-18.48,-27.70,-51.40,-22.22,-20.24,-27.49
48.5,-14.02,-14.94,-8.38,-29.02,-29.94,-23.38,-23.94,-26.15,-19.41,-18.83,-29.10,-15.32
49.0,-12.60,-9.15,-14.30,-27.60,-24.15,-29.30,-21.23,-18.54,-25.56,-29.52,-22.68,-20.63
49.5,-53.29,-12.45,-7.83,-68.29,-27.45,-22.83,-43.79,-22.93,-18.65,-27.03,-18.76,-21.15
50.0,-25.28,-13.34,-8.80,-40.28,-28.34,-23.80,-30.06,-21.61,-20.26,-46.11,-30.38,-21.63
50.5,-23.74,-13.30,-16.67,-38.74,-28.30,-31.67,-33.75,-22.44,-27.59,-30.51,-22.40,-47.18
51.0,-18.91,-23.66,-12.52,-33.91,-38.66,-27.52,-31.17,-39.77,-21.56,-33.46,-26.06,-22.78
51.5,-18.23,-12.68,-11.47,-33.23,-27.68,-26.47,-30.55,-21.35,-21.23,-27.48,-22.23,-19.49
52.0,-24.15,-11.08,-9.18,-39.15,-26.08,-24.18,-34.57,-20.79,-19.44,-58.82,-24.69,-24.92
52.5,-21.12,-10.06,-9.80,-36.12,-25.06,-24.80,-28.02,-20.51,-19.75,-29.35,-20.19,-28.55
53.0,-13.02,-9.28,-6.91,-28.02,-24.28,-21.91,-23.17,-23.04,-17.01,-23.55,-21.33,-18.00
53.5,-16.59,-6.96,-12.75,-31.59,-21.96,-27.75,-29.26,-18.31,-21.90,-33.10,-19.87,-24.24
54.0,-8.57,-4.55,-15.11,-23.57,-19.55,-30.11,-18.08,-16.05,-22.14,-19.60,-17.95,-30.70
54.5,-19.18,-7.70,-20.39,-34.18,-22.70,-35.39,-27.35,-20.10,-29.54,-21.41,-17.51,-22.45
55.0,-19.25,-8.47,-9.66,-34.25,-23.47,-24.66,-26.40,-22.24,-17.68,-26.58,-16.89,-22.96
55.5,-14.00,-5.61,-14.55,-29.00,-20.61,-29.55,-23.05,-16.28,-24.35,-24.71,-18.84,-26.54
56.0,-14.55,-7.29,-12.87,-29.55,-22.29,-27.87,-23.14,-17.96,-22.13,-32.40,-22.34,-19.70
56.5,-9.02,-13.26,-10.02,-24.02,-28.26,-25.02,-18.65,-22.57,-20.07,-25.68,-26.15,-20.31
57.0,-17.24,-4.17,-5.44,-32.24,-19.17,-20.44,-25.90,-15.21,-16.50,-24.06,-17.11,-21.92
57.5,-16.27,-2.93,-3.73,-31.27,-17.93,-18.73,-27.87,-14.53,-13.88,-30.03,-13.18,-19.12
58.0,-11.98,-4.77,-12.83,-26.98,-19.77,-27.83,-23.22,-16.73,-24.76,-23.62,-18.30,-17.87
58.5,-17.50,-11.99,-12.13,-32.50,-26.99,-27.13,-32.25,-24.57,-19.52,-22.89,-20.15,-22.22
59.0,-10.51,-8.30,-8.45,-25.51,-23.30,-23.45,-21.49,-18.93,-20.03,-19.83,-28.16,-17.81
59.5,-7.30,-19.96,-7.42,-22.30,-34.96,-22.42,-17.25,-25.73,-18.36,-24.29,-22.45,-24.04
60.0,-4.80,-16.28,-12.83,-19.80,-31.28,-27.83,-15.66,-26.33,-23.53,-20.23,-20.88,-21.75
60.5,-6.51,-18.08,-12.35,-21.51,-33.08,-27.35,-18.66,-30.53,-19.96,-15.53,-21.88,-26.73
61.0,-10.30,-5.91,-10.67,-25.30,-20.91,-25.67,-21.73,-16.21,-23.27,-18.30,-19.23,-30.52
61.5,-5.22,-11.26,-18.29,-20.22,-26.26,-33.29,-16.33,-21.62,-27.74,-16.72,-20.52,-31.43
62.0,-7.94,-8.24,-6.44,-22.94,-23.24,-21.44,-18.38,-18.91,-17.39,-18.92,-20.39,-20.15
62.5,-7.14,-7.69,-17.20,-22.14,-22.69,-32.20,-17.89,-16.70,-30.07,-17.38,-16.75,-22.54
63.0,-1.28,-7.32,-15.94,-16.28,-22.32,-30.94,-10.82,-16.72,-29.40,-11.94,-18.48,-27.71
63.5,-17.19,-6.89,-6.70,-32.19,-21.89,-21.70,-29.07,-16.36,-15.67,-20.92,-16.34,-14.44
64.0,-6.63,-8.24,-15.39,-21.63,-23.24,-30.39,-16.54,-18.33,-24.74,-13.57,-16.07,-23.05
64.5,-8.62,-18.49,-4.74,-23.62,-33.49,-19.74,-18.19,-24.59,-13.74,-23.43,-20.36,-15.45
65.0,-4.99,-21.94,-7.60,-19.99,-36.94,-22.60,-13.88,-29.42,-17.34,-15.41,-30.03,-17.61
65.5,-6.36,-0.63,-5.15,-21.36,-15.63,-20.15,-15.82,-10.05,-14.47,-14.95,-11.40,-17.26
66.0,-21.79,-12.70,-11.62,-36.79,-27.70,-26.62,-29.47,-24.50,-22.93,-30.67,-18.53,-18.99
66.5,-7.35,-5.49,-5.27,-22.35,-20.49,-20.27,-17.32,-15.58,-15.17,-17.23,-14.65,-16.08
67.0,-11.61,-6.03,-3.36,-26.61,-21.03,-18.36,-22.49,-15.36,-13.13,-22.91,-19.75,-14.36
67.5,-10.99,-9.86,-6.93,-25.99,-24.86,-21.93,-19.45,-21.39,-17.99,-19.71,-16.48,-14.63
68.0,-9.20,-15.87,-9.61,-24.20,-30.87,-24.61,-19.21,-25.97,-18.94,-18.75,-19.73,-23.40
68.5,-4.74,-4.94,-6.28,-19.74,-19.94,-21.28,-14.47,-14.70,-16.88,-14.59,-17.52,-16.81
69.0,-9.20,-6.16,-5.25,-24.20,-21.16,-20.25,-18.64,-15.70,-16.22,-20.63,-15.47,-13.99
69.5,-13.29,-7.56,-3.69,-28.29,-22.56,-18.69,-20.84,-17.45,-13.80,-20.67,-16.61,-17.29
70.0,-16.14,-7.54,-4.61,-31.14,-22.54,-19.61,-28.71,-17.35,-15.68,-24.85,-17.29,-12.26
70.5,-7.05,-7.19,-5.37,-22.05,-22.19,-20.37,-17.51,-17.01,-15.87,-16.36,-17.38,-16.73
71.0,-9.47,-6.76,-4.34,-24.47,-21.76,-19.34,-18.98,-17.22,-14.06,-22.37,-16.84,-19.23
71.5,-10.61,-8.03,-12.97,-25.61,-23.03,-27.97,-20.49,-18.17,-23.89,-20.96,-17.78,-17.29
72.0,-10.13,-6.01,-4.43,-25.13,-21.01,-19.43,-21.07,-17.33,-14.46,-20.16,-18.60,-17.10
72.5,-15.64,-10.99,-13.06,-30.64,-25.99,-28.06,-23.05,-21.18,-25.12,-23.11,-17.63,-19.82
73.0,-8.12,-4.60,-14.38,-23.12,-19.60,-29.38,-17.88,-14.92,-26.52,-17.48,-17.24,-25.09
73.5,-15.29,-10.36,-9.06,-30.29,-25.36,-24.06,-26.28,-20.38,-18.46,-33.01,-20.51,-21.92
74.0,-4.04,-4.97,-11.26,-19.04,-19.97,-26.26,-14.08,-16.63,-23.28,-15.17,-15.40,-31.18
74.5,-7.47,-19.22,-9.23,-22.47,-34.22,-24.23,-18.68,-26.06,-19.33,-16.15,-26.41,-20.31
75.0,-14.76,-23.07,-2.52,-29.76,-38.07,-17.52,-24.97,-31.09,-13.18,-21.46,-26.85,-16.56
75.5,-8.18,-5.63,-12.26,-23.18,-20.63,-27.26,-18.38,-17.31,-26.49,-22.73,-17.66,-17.70
76.0,-9.61,-23.87,-2.25,-24.61,-38.87,-17.25,-19.27,-30.16,-13.48,-23.41,-28.46,-17.57
76.5,-10.27,-9.73,-6.22,-25.27,-24.73,-21.22,-21.48,-21.66,-19.63,-18.23,-19.28,-14.96
77.0,-21.63,-9.55,-3.79,-36.63,-24.55,-18.79,-32.19,-20.44,-14.69,-42.28,-22.72,-19.21
77.5,-13.42,-13.05,-5.16,-28.42,-28.05,-20.16,-24.55,-24.96,-16.41,-29.32,-26.61,-13.48
78.0,-13.71,-10.44,-6.41,-28.71,-25.44,-21.41,-26.18,-20.85,-16.51,-24.22,-21.18,-23.46
78.5,-11.54,-7.37,-9.24,-26.54,-22.37,-24.24,-23.45,-18.23,-21.11,-23.12,-19.23,-17.13
79.0,-9.94,-13.02,-11.47,-24.94,-28.02,-26.47,-20.33,-24.65,-23.09,-22.35,-22.50,-16.36
79.5,-30.72,-8.38,-15.97,-45.72,-23.38,-30.97,-33.48,-19.36,-33.24,-28.12,-19.33,-20.23
80.0,-7.79,-18.34,-15.25,-22.79,-33.34,-30.25,-19.16,-26.85,-26.60,-17.24,-40.24,-22.33
80.5,-7.13,-13.14,-16.77,-22.13,-28.14,-31.77,-16.86,-25.66,-26.70,-19.78,-18.45,-22.07
81.0,-9.38,-18.24,-20.79,-24.38,-33.24,-35.79,-19.58,-28.12,-40.30,-21.53,-22.73,-39.05
81.5,-14.27,-17.33,-9.31,-29.27,-32.33,-24.31,-27.62,-26.82,-20.28,-22.42,-27.52,-20.34
82.0,-9.03,-20.02,-16.50,-24.03,-35.02,-31.50,-19.36,-25.62,-29.93,-15.89,-25.67,-36.30
82.5,-3.30,-5.83,-29.44,-18.30,-20.83,-44.44,-13.26,-16.64,-36.79,-15.56,-20.15,-27.27
83.0,-20.99,-6.73,-9.90,-35.99,-21.73,-24.90,-32.42,-16.20,-20.62,-28.06,-15.28,-22.89
83.5,-28.44,-14.37,-11.15,-43.44,-29.37,-26.15,-32.21,-22.33,-22.54,-25.30,-28.35,-18.61
84.0,-9.02,-3.86,-8.24,-24.02,-18.86,-23.24,-20.87,-13.61,-18.06,-20.33,-14.44,-23.51
84.5,-6.96,-14.59,-8.35,-21.96,-29.59,-23.35,-17.40,-24.69,-16.72,-17.47,-25.73,-21.85
85.0,-18.67,-17.82,-9.04,-33.67,-32.82,-24.04,-25.46,-25.84,-20.21,-26.04,-22.02,-16.90
85.5,-15.66,-4.75,-18.02,-30.66,-19.75,-33.02,-26.14,-14.60,-20.96,-25.39,-13.69,-25.67
86.0,-13.51,-6.99,-29.76,-28.51,-21.99,-44.76,-22.34,-18.43,-29.10,-22.92,-19.60,-24.46
86.5,-12.70,0.78,-12.98,-27.70,-14.22,-27.98,-27.87,-9.37,-24.21,-28.26,-9.20,-20.81
87.0,-3.76,-0.29,-5.00,-18.76,-15.29,-20.00,-15.36,-11.02,-13.76,-14.77,-10.97,-16.53
87.5,-6.67,-7.46,-2.83,-21.67,-22.46,-17.83,-17.05,-20.26,-13.73,-18.39,-21.53,-12.42
88.0,-2.99,-12.33,-6.48,-17.99,-27.33,-21.48,-12.69,-23.42,-14.91,-14.77,-22.52,-16.81
88.5,2.72,-2.27,-10.74,-12.28,-17.27,-25.74,-7.42,-12.19,-18.34,-6.59,-11.67,-20.97
89.0,4.97,-2.73,2.04,-10.03,-17.73,-12.96,-5.90,-12.05,-7.39,-5.81,-11.66,-6.69
89.5,5.19,5.79,6.66,-9.81,-9.21,-8.34,-4.96,-3.66,-3.25,-5.94,-3.92,-3.80
90.0,5.02,3.96,6.40,-9.98,-11.04,-8.60,-4.16,-5.75,-4.00,-3.71,-5.35,-3.24
90.5,4.62,7.62,11.02,-10.38,-7.38,-3.98,-4.64,-2.33,0.75,-4.49,-2.45,0.35
91.0,-0.70,5.68,4.70,-15.70,-9.32,-10.30,-9.61,-3.64,-5.25,-10.81,-3.49,-4.40
91.5,-11.47,0.42,1.59,-26.47,-14.58,-13.41,-21.64,-10.18,-9.74,-19.20,-10.53,-10.91
92.0,-8.91,-20.42,-8.05,-23.91,-35.42,-23.05,-19.80,-23.71,-18.19,-18.17,-24.78,-20.71
92.5,-6.67,-4.41,-1.08,-21.67,-19.41,-16.08,-15.40,-15.66,-11.15,-18.12,-16.96,-9.87
93.0,-5.45,-1.76,-6.40,-20.45,-16.76,-21.40,-15.69,-13.56,-17.58,-13.26,-11.88,-16.00
93.5,-0.49,-9.64,-1.27,-15.49,-24.64,-16.27,-10.76,-20.25,-11.06,-12.56,-22.79,-9.86
94.0,-2.85,-4.74,-17.91,-17.85,-19.74,-32.91,-13.63,-14.22,-23.56,-11.69,-14.40,-20.65
94.5,-5.60,-11.70,-5.73,-20.60,-26.70,-20.73,-14.65,-19.22,-18.20,-17.70,-21.89,-16.23
95.0,-18.14,-5.82,-7.43,-33.14,-20.82,-22.43,-31.55,-18.22,-17.82,-24.47,-20.90,-16.73
95.5,-15.47,-14.07,-16.72,-30.47,-29.07,-31.72,-28.42,-23.93,-24.86,-21.48,-29.74,-24.06
96.0,-6.12,-27.36,-5.02,-21.12,-42.36,-20.02,-17.89,-37.37,-16.59,-19.56,-24.89,-17.21
96.5,-13.53,-10.71,-13.30,-28.53,-25.71,-28.30,-24.76,-21.79,-22.43,-33.74,-23.52,-22.09
97.0,-17.22,-7.89,-4.68,-32.22,-22.89,-19.68,-25.28,-20.41,-14.89,-25.30,-18.23,-15.19
97.5,-12.34,-10.77,-18.01,-27.34,-25.77,-33.01,-22.29,-21.47,-32.04,-23.56,-20.75,-23.25
98.0,-5.73,-6.44,-25.72,-20.73,-21.44,-40.72,-16.19,-16.82,-25.84,-15.36,-17.17,-34.39
98.5,-9.38,-12.60,-26.74,-24.38,-27.60,-41.74,-19.52,-23.28,-30.96,-19.90,-21.50,-33.36
99.0,-7.60,-8.68,-13.08,-22.60,-23.68,-28.08,-17.32,-18.28,-21.15,-19.72,-16.99,-19.56
99.5,-11.81,-19.58,-30.85,-26.81,-34.58,-45.85,-20.82,-27.09,-28.25,-21.08,-27.00,-25.43
100.0,-22.40,-13.58,-19.84,-37.40,-28.58,-34.84,-40.36,-22.15,-32.93,-25.84,-25.76,-32.47
100.5,-16.88,-3.98,-14.89,-31.88,-18.98,-29.89,-25.90,-13.97,-22.01,-22.04,-15.28,-20.49
101.0,-12.61,-18.95,-15.09,-27.61,-33.95,-30.09,-22.60,-28.42,-23.08,-29.21,-23.09,-20.84
101.5,-9.89,-6.67,-9.26,-24.89,-21.67,-24.26,-20.24,-17.08,-17.60,-25.25,-17.79,-17.30
102.0,-13.27,-13.02,-15.58,-28.27,-28.02,-30.58,-23.75,-23.30,-24.30,-20.66,-31.27,-23.77
102.5,-12.90,-15.36,-10.43,-27.90,-30.36,-25.43,-23.00,-24.20,-18.52,-20.42,-22.48,-17.16
103.0,-10.44,-13.81,-7.60,-25.44,-28.81,-22.60,-21.64,-25.15,-15.55,-27.04,-21.40,-14.79
103.5,-11.07,-12.88,-9.30,-26.07,-27.88,-24.30,-20.78,-21.82,-15.36,-22.98,-24.77,-16.99
104.0,-17.64,-9.65,-9.33,-32.64,-24.65,-24.33,-27.60,-20.47,-16.20,-27.97,-23.10,-20.58
104.5,-10.18,-20.38,-10.70,-25.18,-35.38,-25.70,-20.68,-28.15,-19.69,-17.51,-22.61,-21.03
105.0,-6.36,-18.97,-8.94,-21.36,-33.97,-23.94,-16.46,-25.95,-17.55,-19.06,-20.27,-14.33
105.5,-4.85,-6.00,-4.62,-19.85,-21.00,-19.62,-14.29,-16.45,-14.06,-14.62,-17.32,-12.24
106.0,-5.86,-2.98,-6.10,-20.86,-17.98,-21.10,-16.47,-13.17,-15.78,-14.71,-14.72,-14.74
106.5,-4.48,-7.11,-10.27,-19.48,-22.11,-25.27,-14.21,-16.91,-20.84,-16.12,-16.57,-15.98
107.0,-0.77,-5.46,-0.91,-15.77,-20.46,-15.91,-11.17,-16.16,-11.53,-11.57,-14.66,-9.89
107.5,-0.62,-1.32,2.72,-15.62,-16.32,-12.28,-11.47,-11.95,-7.73,-10.18,-11.68,-6.79
108.0,-0.43,0.15,0.72,-15.43,-14.85,-14.28,-10.88,-10.28,-9.45,-12.29,-11.74,-9.66
108.5,-2.44,-1.00,-0.72,-17.44,-16.00,-15.72,-13.07,-11.37,-10.67,-12.68,-12.15,-12.37
109.0,-4.69,-5.94,-6.87,-19.69,-20.94,-21.87,-15.22,-16.52,-16.00,-14.19,-15.41,-18.52
109.5,-3.25,-8.93,-8.86,-18.25,-23.93,-23.86,-13.58,-20.01,-18.37,-14.75,-16.22,-20.88
110.0,-18.95,-12.77,-2.47,-33.95,-27.77,-17.47,-29.02,-26.70,-12.96,-26.12,-20.28,-14.93
110.5,-8.80,-15.75,-5.97,-23.80,-30.75,-20.97,-20.65,-26.22,-16.54,-19.14,-31.86,-20.57
111.0,-7.65,-7.46,-10.16,-22.65,-22.46,-25.16,-18.88,-17.48,-18.31,-20.22,-20.59,-25.26
111.5,-12.19,-16.01,-7.64,-27.19,-31.01,-22.64,-23.86,-25.05,-18.41,-21.13,-27.24,-26.86
112.0,-13.45,-11.22,-9.25,-28.45,-26.22,-24.25,-23.41,-20.49,-19.88,-27.87,-26.50,-16.58
112.5,-26.98,-14.49,-7.58,-41.98,-29.49,-22.58,-40.66,-28.40,-17.15,-30.22,-20.51,-23.07
113.0,-17.52,-12.41,-2.20,-32.52,-27.41,-17.20,-29.17,-21.23,-12.67,-39.87,-31.31,-12.74
113.5,-21.39,-7.90,-15.10,-36.39,-22.90,-30.10,-37.44,-18.42,-23.55,-29.80,-21.99,-17.80
114.0,-16.68,-13.85,-12.22,-31.68,-28.85,-27.22,-27.86,-22.83,-22.96,-26.21,-21.80,-16.88
114.5,-11.91,-4.41,-8.81,-26.91,-19.41,-23.81,-21.31,-14.82,-18.33,-24.57,-13.81,-18.43
115.0,-14.93,-11.20,-11.02,-29.93,-26.20,-26.02,-25.69,-20.96,-22.23,-22.27,-22.81,-29.28
115.5,-15.09,-8.48,-7.98,-30.09,-23.48,-22.98,-24.96,-19.85,-18.32,-23.95,-22.27,-20.07
116.0,-7.67,-7.38,-11.18,-22.67,-22.38,-26.18,-17.77,-18.52,-21.30,-20.08,-16.93,-24.42
116.5,-12.67,-19.39,-8.50,-27.67,-34.39,-23.50,-24.30,-28.78,-18.35,-20.93,-24.25,-21.02
117.0,-13.91,-12.82,-7.16,-28.91,-27.82,-22.16,-23.87,-23.02,-17.38,-31.05,-31.19,-22.04
117.5,-45.15,-9.13,-11.24,-60.15,-24.13,-26.24,-57.04,-20.39,-19.54,-29.02,-27.30,-22.86
118.0,-20.86,-12.08,-6.82,-35.86,-27.08,-21.82,-27.28,-20.62,-19.07,-34.06,-20.65,-16.18
118.5,-16.82,-12.36,-11.40,-31.82,-27.36,-26.40,-32.82,-25.38,-22.05,-26.89,-17.73,-21.23
119.0,-9.35,-8.48,-0.31,-24.35,-23.48,-15.31,-21.82,-17.94,-12.35,-22.30,-25.01,-10.08
119.5,-13.68,-7.64,-6.56,-28.68,-22.64,-21.56,-25.15,-18.35,-18.33,-23.78,-20.38,-14.30
120.0,-8.63,-5.25,-4.42,-23.63,-20.25,-19.42,-20.36,-15.40,-15.67,-22.03,-18.51,-19.76
120.5,-17.41,-6.82,-6.24,-32.41,-21.82,-21.24,-30.94,-18.06,-17.31,-39.09,-15.41,-17.72
121.0,-20.36,-22.82,-10.79,-35.36,-37.82,-25.79,-28.76,-32.79,-22.41,-27.95,-38.02,-19.93
121.5,-22.02,-8.39,-6.10,-37.02,-23.39,-21.10,-28.73,-17.65,-16.83,-39.26,-19.40,-15.28
122.0,-19.30,-3.81,-22.30,-34.30,-18.81,-37.30,-29.84,-14.12,-33.80,-26.02,-13.12,-24.84
122.5,-7.69,-9.76,-10.43,-22.69,-24.76,-25.43,-17.84,-20.03,-22.93,-22.60,-22.39,-19.34
123.0,-10.05,-7.65,-15.55,-25.05,-22.65,-30.55,-20.68,-19.01,-23.61,-17.86,-22.24,-22.29
123.5,-14.32,-13.27,-8.89,-29.32,-28.27,-23.89,-21.87,-25.10,-19.16,-31.23,-20.68,-27.55
124.0,-27.50,-7.25,-12.25,-42.50,-22.25,-27.25,-40.69,-17.52,-21.82,-24.83,-17.46,-28.49
124.5,-15.35,-6.79,-14.28,-30.35,-21.79,-29.28,-24.46,-17.66,-26.42,-30.49,-18.19,-19.28
125.0,-20.04,-6.48,-10.93,-35.04,-21.48,-25.93,-29.48,-16.92,-22.74,-23.64,-21.10,-17.45
125.5,-11.70,-4.49,-15.73,-26.70,-19.49,-30.73,-18.78,-14.70,-28.47,-22.88,-14.35,-21.85
126.0,-7.69,-11.83,-8.16,-22.69,-26.83,-23.16,-16.53,-22.13,-16.87,-15.77,-24.08,-17.94
126.5,-10.95,-2.38,-8.03,-25.95,-17.38,-23.03,-19.23,-11.91,-17.02,-17.84,-13.79,-16.98
127.0,-8.54,-7.99,-5.11,-23.54,-22.99,-20.11,-16.23,-16.28,-13.49,-18.68,-16.99,-13.70
127.5,-10.74,-12.00,-9.47,-25.74,-27.00,-24.47,-18.50,-19.69,-20.50,-17.42,-17.61,-17.47
128.0,-21.12,-9.94,-11.85,-36.12,-24.94,-26.85,-26.01,-19.63,-22.56,-24.48,-17.28,-20.27
128.5,-9.43,-20.03,-12.79,-24.43,-35.03,-27.79,-19.20,-31.36,-26.34,-20.02,-31.84,-20.96
129.0,-17.97,-7.49,-10.83,-32.97,-22.49,-25.83,-27.89,-17.63,-19.66,-29.89,-19.17,-52.38
129.5,-18.18,-12.78,-6.12,-33.18,-27.78,-21.12,-29.80,-23.41,-16.36,-40.20,-18.92,-17.13
130.0,-15.45,-9.90,-6.06,-30.45,-24.90,-21.06,-24.40,-20.39,-16.74,-25.69,-24.79,-16.22
130.5,-13.80,-12.67,-6.06,-28.80,-27.67,-21.06,-24.18,-23.70,-15.11,-23.55,-21.30,-14.99
131.0,-20.46,-27.51,-3.36,-35.46,-42.51,-18.36,-27.67,-37.89,-13.37,-32.96,-24.44,-16.64
131.5,-9.80,-13.52,-9.99,-24.80,-28.52,-24.99,-19.84,-24.00,-21.07,-29.29,-29.64,-23.00
132.0,-13.41,-15.07,-7.05,-28.41,-30.07,-22.05,-22.92,-26.22,-19.37,-22.29,-24.49,-18.03
132.5,-20.38,-14.02,-11.64,-35.38,-29.02,-26.64,-28.87,-23.87,-21.34,-20.37,-24.72,-21.30
133.0,-13.61,-22.58,-13.34,-28.61,-37.58,-28.34,-22.08,-31.21,-21.66,-33.95,-33.47,-19.97
133.5,-22.19,-18.24,-19.29,-37.19,-33.24,-34.29,-35.38,-27.49,-30.53,-26.00,-23.45,-26.26
134.0,-25.84,-21.52,-11.94,-40.84,-36.52,-26.94,-30.49,-30.03,-19.21,-35.30,-40.08,-19.54
134.5,-18.71,-10.74,-16.06,-33.71,-25.74,-31.06,-27.69,-19.37,-21.68,-28.66,-23.78,-22.57
135.0,-18.76,-19.45,-8.30,-33.76,-34.45,-23.30,-31.57,-28.65,-18.21,-26.42,-23.56,-18.39
135.5,-6.68,-15.54,-11.29,-21.68,-30.54,-26.29,-17.22,-24.19,-22.12,-18.80,-26.35,-23.92
136.0,-5.18,-16.35,-18.43,-20.18,-31.35,-33.43,-15.99,-24.81,-29.87,-15.96,-30.55,-29.12
136.5,-11.86,-22.91,-13.90,-26.86,-37.91,-28.90,-24.11,-31.00,-21.48,-21.02,-28.13,-25.26
137.0,-12.78,-18.88,-9.41,-27.78,-33.88,-24.41,-23.79,-28.78,-19.35,-21.44,-35.50,-18.47
137.5,-10.54,-25.21,-12.03,-25.54,-40.21,-27.03,-20.96,-43.53,-23.02,-23.10,-28.66,-21.63
138.0,-11.71,-19.55,-14.12,-26.71,-34.55,-29.12,-22.07,-29.77,-22.80,-26.66,-38.02,-24.88
138.5,-9.21,-10.45,-12.35,-24.21,-25.45,-27.35,-19.76,-21.09,-22.87,-20.64,-22.74,-23.37
139.0,-21.67,-9.79,-16.99,-36.67,-24.79,-31.99,-33.17,-21.41,-29.36,-25.31,-20.44,-24.34
139.5,-18.61,-11.23,-21.90,-33.61,-26.23,-36.90,-29.65,-21.43,-31.12,-26.32,-24.43,-28.02
140.0,-13.82,-14.56,-9.94,-28.82,-29.56,-24.94,-24.97,-28.47,-20.55,-23.74,-21.94,-21.63
140.5,-13.84,-12.00,-6.12,-28.84,-27.00,-21.12,-23.34,-22.00,-17.36,-27.23,-26.26,-17.18
141.0,-18.82,-11.06,-13.06,-33.82,-26.06,-28.06,-28.94,-22.21,-24.28,-24.23,-21.88,-24.38
141.5,-15.49,-11.48,-10.81,-30.49,-26.48,-25.81,-26.22,-21.96,-22.44,-24.98,-21.79,-20.52
142.0,-14.27,-13.83,-17.31,-29.27,-28.83,-32.31,-25.42,-22.58,-30.01,-27.52,-25.58,-25.03
142.5,-21.12,-11.48,-26.21,-36.12,-26.48,-41.21,-30.72,-22.49,-37.94,-34.77,-21.71,-31.98
143.0,-10.53,-18.85,-15.95,-25.53,-33.85,-30.95,-20.95,-32.88,-30.11,-22.03,-28.09,-23.17
143.5,-10.18,-13.07,-19.87,-25.18,-28.07,-34.87,-19.66,-22.57,-29.56,-19.10,-21.23,-31.47
144.0,-6.25,-9.97,-23.32,-21.25,-24.97,-38.32,-16.47,-20.51,-32.75,-15.45,-20.62,-34.58
144.5,-2.52,-12.81,-12.96,-17.52,-27.81,-27.96,-12.93,-22.56,-22.65,-12.66,-22.90,-23.32
145.0,-2.42,-13.03,-9.49,-17.42,-28.03,-24.49,-12.60,-22.79,-21.39,-13.30,-22.83,-21.54
145.5,-4.64,-15.11,-11.20,-19.64,-30.11,-26.20,-14.41,-25.15,-21.77,-14.72,-24.58,-22.30
146.0,-8.14,-6.62,-9.80,-23.14,-21.62,-24.80,-18.05,-17.55,-22.26,-17.05,-17.04,-18.72
146.5,-11.46,-4.26,-14.17,-26.46,-19.26,-29.17,-21.33,-15.02,-25.63,-20.81,-14.92,-22.25
147.0,-20.90,-10.27,-8.60,-35.90,-25.27,-23.60,-29.49,-20.62,-18.82,-31.87,-20.55,-22.42
147.5,-16.24,-16.04,-12.29,-31.24,-31.04,-27.29,-27.31,-25.62,-21.08,-26.75,-25.90,-26.87
148.0,-14.97,-19.80,-11.39,-29.97,-34.80,-26.39,-26.41,-30.93,-21.34,-27.58,-30.03,-18.52
148.5,-15.41,-18.45,-5.61,-30.41,-33.45,-20.61,-27.58,-29.37,-15.44,-25.13,-31.71,-16.47
149.0,-22.36,-23.83,-16.37,-37.36,-38.83,-31.37,-40.69,-32.04,-24.14,-40.92,-34.20,-24.23
149.5,-25.70,-18.24,-16.78,-40.70,-33.24,-31.78,-32.69,-31.18,-26.37,-31.44,-32.96,-27.05
150.0,-20.18,-36.92,-11.27,-35.18,-51.92,-26.27,-30.84,-42.10,-21.69,-31.29,-41.46,-24.61
150.5,-14.26,-15.22,-16.24,-29.26,-30.22,-31.24,-24.66,-25.70,-24.97,-24.26,-25.60,-25.30
151.0,-13.21,-23.14,-1.53,-28.21,-38.14,-16.53,-24.53,-32.25,-11.42,-22.29,-32.43,-12.88
151.5,-14.19,-12.06,3.58,-29.19,-27.06,-11.42,-25.13,-22.42,-6.47,-26.68,-22.49,-6.91
152.0,-18.49,-20.63,2.73,-33.49,-35.63,-12.27,-28.24,-28.91,-7.48,-32.46,-30.52,-7.38
152.5,-21.34,-15.54,-0.28,-36.34,-30.54,-15.28,-33.45,-27.12,-10.29,-27.09,-29.30,-10.06
153.0,-17.22,-8.20,-17.89,-32.22,-23.20,-32.89,-26.08,-18.01,-27.76,-26.89,-19.08,-30.05
153.5,-17.50,-5.91,-18.67,-32.50,-20.91,-33.67,-27.86,-16.09,-29.02,-32.63,-15.53,-26.42
154.0,-22.45,-11.29,-11.65,-37.45,-26.29,-26.65,-33.69,-21.49,-22.21,-38.85,-19.43,-20.01
154.5,-16.98,-23.17,-13.06,-31.98,-38.17,-28.06,-29.19,-31.93,-23.42,-29.27,-49.98,-25.22
155.0,-11.23,-52.91,-17.39,-26.23,-67.91,-32.39,-21.95,-48.59,-26.76,-23.11,-35.99,-25.27
155.5,-13.22,-15.54,-22.97,-28.22,-30.54,-37.97,-23.02,-27.00,-30.17,-23.47,-26.44,-25.62
156.0,-19.85,-21.03,-39.11,-34.85,-36.03,-54.11,-28.01,-29.79,-45.29,-27.33,-31.39,-30.70
156.5,-29.42,-8.34,-20.99,-44.42,-23.34,-35.99,-36.79,-18.92,-30.75,-34.31,-19.63,-24.61
157.0,-28.36,-11.23,-17.05,-43.36,-26.23,-32.05,-31.93,-21.28,-26.03,-33.65,-21.02,-27.99
157.5,-17.62,-12.06,-15.54,-32.62,-27.06,-30.54,-24.67,-22.04,-24.33,-24.97,-21.20,-22.53
158.0,-18.04,-12.91,-13.37,-33.04,-27.91,-28.37,-25.99,-22.98,-24.65,-25.96,-24.02,-21.43
158.5,-13.47,-13.98,-10.88,-28.47,-28.98,-25.88,-21.83,-25.29,-19.50,-22.08,-28.39,-23.88
159.0,-13.04,-20.05,-14.71,-28.04,-35.05,-29.71,-22.37,-30.10,-23.79,-21.75,-27.47,-29.04
159.5,-15.25,-10.10,-9.83,-30.25,-25.10,-24.83,-22.99,-19.88,-18.79,-22.81,-21.38,-21.26
160.0,-11.68,-17.35,-14.00,-26.68,-32.35,-29.00,-20.06,-25.14,-22.19,-19.93,-28.93,-21.52
160.5,-8.78,-23.87,-10.84,-23.78,-38.87,-25.84,-17.85,-27.86,-19.88,-17.44,-31.25,-19.33
161.0,-13.01,-15.07,-9.92,-28.01,-30.07,-24.92,-20.86,-23.01,-18.64,-19.91,-23.77,-18.86
161.5,-17.46,-16.93,-11.05,-32.46,-31.93,-26.05,-26.61,-23.35,-18.98,-27.04,-23.77,-20.41
162.0,-10.29,-20.53,-10.68,-25.29,-35.53,-25.68,-19.47,-26.14,-18.21,-19.64,-25.84,-19.39
162.5,-13.29,-10.78,-13.67,-28.29,-25.78,-28.67,-21.26,-20.07,-20.80,-21.06,-18.97,-22.07
163.0,-19.83,-9.43,-11.17,-34.83,-24.43,-26.17,-24.43,-18.04,-19.33,-24.58,-18.43,-21.77
163.5,-14.88,-18.16,-10.78,-29.88,-33.16,-25.78,-22.09,-25.12,-18.72,-22.29,-26.75,-21.01
164.0,-17.78,-10.00,-10.37,-32.78,-25.00,-25.37,-23.79,-19.23,-17.70,-24.31,-19.16,-19.30
164.5,-8.03,-9.06,-17.77,-23.03,-24.06,-32.77,-17.69,-18.34,-23.16,-18.14,-18.94,-25.06
165.0,-4.13,-11.19,-17.04,-19.13,-26.19,-32.04,-14.17,-19.72,-28.83,-14.20,-20.71,-32.38
165.5,-6.07,-12.29,-9.73,-21.07,-27.29,-24.73,-15.98,-20.73,-18.15,-15.73,-22.54,-17.73
166.0,-11.90,-14.68,-15.89,-26.90,-29.68,-30.89,-20.50,-22.34,-25.44,-20.46,-25.12,-22.47
166.5,-12.43,-22.81,-14.50,-27.43,-37.81,-29.50,-21.80,-26.67,-23.64,-22.49,-31.58,-27.59
167.0,-28.77,-23.23,-8.17,-43.77,-38.23,-23.17,-29.95,-27.22,-18.27,-34.27,-32.37,-19.80
167.5,-8.29,-31.07,-10.30,-23.29,-46.07,-25.30,-17.95,-39.54,-20.44,-18.17,-47.53,-20.37
168.0,-6.37,-16.97,-9.14,-21.37,-31.97,-24.14,-15.73,-27.91,-19.62,-15.93,-29.68,-19.96
168.5,-7.10,-18.39,-12.03,-22.10,-33.39,-27.03,-16.83,-28.02,-22.54,-16.73,-28.11,-21.97
169.0,-6.14,-11.11,-23.46,-21.14,-26.11,-38.46,-16.46,-23.08,-34.09,-16.07,-24.60,-28.38
169.5,-8.88,-9.74,-10.06,-23.88,-24.74,-25.06,-19.32,-20.01,-21.60,-18.85,-21.42,-19.31
170.0,-15.53,-8.24,-11.25,-30.53,-23.24,-26.25,-27.61,-18.88,-22.95,-27.59,-20.40,-21.78
170.5,-20.84,-8.06,-7.70,-35.84,-23.06,-22.70,-34.57,-18.70,-18.53,-37.92,-20.33,-16.58
171.0,-17.05,-12.47,-4.68,-32.05,-27.47,-19.68,-28.07,-22.86,-16.26,-25.80,-25.89,-15.71
171.5,-8.23,-17.23,-10.77,-23.23,-32.23,-25.77,-19.21,-25.53,-23.38,-18.24,-30.79,-22.91
172.0,-5.30,-14.44,-7.12,-20.30,-29.44,-22.12,-16.40,-24.38,-18.73,-15.61,-28.51,-17.44
172.5,-3.67,-9.82,-4.71,-18.67,-24.82,-19.71,-14.67,-20.87,-16.16,-14.26,-23.04,-15.16
173.0,-4.32,-11.70,-12.47,-19.32,-26.70,-27.47,-15.77,-20.65,-22.74,-16.15,-22.92,-20.66
173.5,-7.12,-14.09,-8.29,-22.12,-29.09,-23.29,-18.11,-23.60,-18.69,-19.62,-26.27,-20.07
174.0,-5.69,-12.62,-7.49,-20.69,-27.62,-22.49,-16.61,-23.47,-17.88,-16.42,-24.79,-17.54
174.5,-5.93,-18.67,-22.93,-20.93,-33.67,-37.93,-16.51,-37.48,-30.79,-15.55,-41.10,-34.95
175.0,-11.23,-9.96,-10.87,-26.23,-24.96,-25.87,-19.44,-21.85,-22.22,-17.93,-21.76,-23.92
175.5,-14.23,-4.44,-12.32,-29.23,-19.44,-27.32,-23.55,-15.39,-26.28,-22.01,-14.99,-30.03
176.0,-8.06,-5.67,-7.77,-23.06,-20.67,-22.77,-19.25,-15.53,-20.23,-19.93,-14.56,-19.58
176.5,-4.95,-7.13,-7.60,-19.95,-22.13,-22.60,-15.38,-18.90,-20.10,-16.31,-17.33,-18.62
177.0,-1.13,-0.84,-16.08,-16.13,-15.84,-31.08,-11.35,-11.76,-22.86,-11.95,-11.83,-24.86
177.5,-1.95,-0.64,-2.20,-16.95,-15.64,-17.20,-11.56,-10.99,-13.24,-12.23,-11.58,-15.75
178.0,-2.49,-2.61,1.87,-17.49,-17.61,-13.13,-13.75,-13.76,-9.15,-14.05,-14.57,-10.37
178.5,2.75,-3.49,0.27,-12.25,-18.49,-14.73,-8.96,-15.78,-11.58,-8.77,-15.13,-13.70
179.0,-1.91,-0.45,-2.44,-16.91,-15.45,-17.44,-12.17,-10.81,-12.23,-12.29,-10.29,-12.78
179.5,5.07,-3.41,5.33,-9.93,-18.41,-9.67,-7.21,-29.16,-4.52,-7.82,-25.12,-4.28
180.0,8.72,2.70,4.30,-6.28,-12.30,-10.70,-3.59,-14.10,-7.47,-3.98,-15.15,-7.12
