config,mach,alpha_deg,CL,CD_wave,CD_total,LD
C1 锐矛 M8,8.0,0.5,0.0023,0.0000,0.0305,0.0751
C1 锐矛 M8,8.0,1.0,0.0048,0.0001,0.0306,0.1563
C1 锐矛 M8,8.0,1.5,0.0075,0.0002,0.0307,0.2434
C1 锐矛 M8,8.0,2.0,0.0104,0.0004,0.0309,0.3363
C1 锐矛 M8,8.0,2.5,0.0135,0.0006,0.0311,0.4346
C1 锐矛 M8,8.0,3.0,0.0169,0.0009,0.0314,0.5378
C1 锐矛 M8,8.0,3.5,0.0205,0.0013,0.0318,0.6452
C1 锐矛 M8,8.0,4.0,0.0243,0.0017,0.0322,0.7561
C1 锐矛 M8,8.0,4.5,0.0285,0.0022,0.0327,0.8694
C1 锐矛 M8,8.0,5.0,0.0328,0.0029,0.0334,0.9842
C1 锐矛 M8,8.0,5.5,0.0375,0.0036,0.0341,1.0993
C1 锐矛 M8,8.0,6.0,0.0424,0.0045,0.0350,1.2135
C1 锐矛 M8,8.0,6.5,0.0476,0.0054,0.0359,1.3256
C1 锐矛 M8,8.0,7.0,0.0531,0.0065,0.0370,1.4345
C1 锐矛 M8,8.0,7.5,0.0589,0.0078,0.0383,1.5392
C1 锐矛 M8,8.0,8.0,0.0649,0.0091,0.0396,1.6385
C1 锐矛 M8,8.0,8.5,0.0713,0.0107,0.0412,1.7318
C1 锐矛 M8,8.0,9.0,0.0779,0.0123,0.0428,1.8183
C1 锐矛 M8,8.0,9.5,0.0848,0.0142,0.0447,1.8975
C1 锐矛 M8,8.0,10.0,0.0920,0.0162,0.0467,1.9690
C1 锐矛 M8,8.0,10.5,0.0995,0.0184,0.0489,2.0327
C1 锐矛 M8,8.0,11.0,0.1072,0.0208,0.0513,2.0884
C1 锐矛 M8,8.0,11.5,0.1153,0.0235,0.0540,2.1365
C1 锐矛 M8,8.0,12.0,0.1236,0.0263,0.0568,2.1769
C1 锐矛 M8,8.0,12.5,0.1322,0.0293,0.0598,2.2100
C1 锐矛 M8,8.0,13.0,0.1410,0.0326,0.0631,2.2363
C1 锐矛 M8,8.0,13.5,0.1501,0.0360,0.0665,2.2560
C1 锐矛 M8,8.0,14.0,0.1595,0.0398,0.0703,2.2698
C1 锐矛 M8,8.0,14.5,0.1691,0.0437,0.0742,2.2780
C1 锐矛 M8,8.0,15.0,0.1790,0.0480,0.0785,2.2812
C1 锐矛 M8,8.0,15.5,0.1891,0.0524,0.0829,2.2799
C1 锐矛 M8,8.0,16.0,0.1994,0.0572,0.0877,2.2744
A′ 捆绑 M6,6.0,0.5,0.0030,0.0000,0.0362,0.0840
A′ 捆绑 M6,6.0,1.0,0.0063,0.0001,0.0363,0.1730
A′ 捆绑 M6,6.0,1.5,0.0097,0.0003,0.0365,0.2665
A′ 捆绑 M6,6.0,2.0,0.0134,0.0005,0.0367,0.3643
A′ 捆绑 M6,6.0,2.5,0.0172,0.0008,0.0370,0.4659
A′ 捆绑 M6,6.0,3.0,0.0213,0.0011,0.0373,0.5707
A′ 捆绑 M6,6.0,3.5,0.0256,0.0016,0.0378,0.6779
A′ 捆绑 M6,6.0,4.0,0.0301,0.0021,0.0383,0.7868
A′ 捆绑 M6,6.0,4.5,0.0349,0.0027,0.0389,0.8965
A′ 捆绑 M6,6.0,5.0,0.0399,0.0035,0.0397,1.0062
A′ 捆绑 M6,6.0,5.5,0.0452,0.0044,0.0406,1.1148
A′ 捆绑 M6,6.0,6.0,0.0507,0.0053,0.0415,1.2214
A′ 捆绑 M6,6.0,6.5,0.0565,0.0064,0.0426,1.3252
A′ 捆绑 M6,6.0,7.0,0.0625,0.0077,0.0439,1.4253
A′ 捆绑 M6,6.0,7.5,0.0688,0.0091,0.0453,1.5208
A′ 捆绑 M6,6.0,8.0,0.0754,0.0106,0.0468,1.6111
A′ 捆绑 M6,6.0,8.5,0.0822,0.0123,0.0485,1.6955
A′ 捆绑 M6,6.0,9.0,0.0893,0.0141,0.0503,1.7737
A′ 捆绑 M6,6.0,9.5,0.0966,0.0162,0.0524,1.8453
A′ 捆绑 M6,6.0,10.0,0.1043,0.0184,0.0546,1.9100
A′ 捆绑 M6,6.0,10.5,0.1121,0.0208,0.0570,1.9678
A′ 捆绑 M6,6.0,11.0,0.1203,0.0234,0.0596,2.0187
A′ 捆绑 M6,6.0,11.5,0.1287,0.0262,0.0624,2.0627
A′ 捆绑 M6,6.0,12.0,0.1373,0.0292,0.0654,2.1000
A′ 捆绑 M6,6.0,12.5,0.1462,0.0324,0.0686,2.1310
A′ 捆绑 M6,6.0,13.0,0.1554,0.0359,0.0721,2.1559
A′ 捆绑 M6,6.0,13.5,0.1648,0.0396,0.0758,2.1751
A′ 捆绑 M6,6.0,14.0,0.1744,0.0435,0.0797,2.1889
A′ 捆绑 M6,6.0,14.5,0.1843,0.0477,0.0839,2.1978
A′ 捆绑 M6,6.0,15.0,0.1945,0.0521,0.0883,2.2022
A′ 捆绑 M6,6.0,15.5,0.2048,0.0568,0.0930,2.2024
A′ 捆绑 M6,6.0,16.0,0.2154,0.0618,0.0980,2.1988
