config,alpha_deg,CL,CDp,CDf,CDb,LD
C1 锐矛单机,0.0,-0.0012,0.0018,0.0053,0.0252,-0.0376
C1 锐矛单机,0.5,-0.0008,0.0018,0.0053,0.0252,-0.0241
C1 锐矛单机,1.0,-0.0000,0.0018,0.0053,0.0252,-0.0010
C1 锐矛单机,1.5,0.0010,0.0018,0.0053,0.0252,0.0318
C1 锐矛单机,2.0,0.0024,0.0019,0.0053,0.0252,0.0740
C1 锐矛单机,2.5,0.0041,0.0019,0.0053,0.0252,0.1254
C1 锐矛单机,3.0,0.0061,0.0021,0.0053,0.0252,0.1858
C1 锐矛单机,3.5,0.0083,0.0023,0.0053,0.0252,0.2545
C1 锐矛单机,4.0,0.0109,0.0025,0.0053,0.0252,0.3310
C1 锐矛单机,4.5,0.0138,0.0028,0.0053,0.0252,0.4146
C1 锐矛单机,5.0,0.0170,0.0032,0.0053,0.0252,0.5045
C1 锐矛单机,5.5,0.0206,0.0037,0.0053,0.0252,0.5997
C1 锐矛单机,6.0,0.0244,0.0043,0.0053,0.0252,0.6989
C1 锐矛单机,6.5,0.0285,0.0050,0.0053,0.0252,0.8010
C1 锐矛单机,7.0,0.0329,0.0058,0.0053,0.0252,0.9046
C1 锐矛单机,7.5,0.0376,0.0067,0.0053,0.0252,1.0084
C1 锐矛单机,8.0,0.0426,0.0078,0.0053,0.0252,1.1110
C1 锐矛单机,8.5,0.0479,0.0090,0.0053,0.0252,1.2114
C1 锐矛单机,9.0,0.0534,0.0103,0.0053,0.0252,1.3082
C1 锐矛单机,9.5,0.0593,0.0118,0.0053,0.0252,1.4006
C1 锐矛单机,10.0,0.0654,0.0134,0.0053,0.0252,1.4877
C1 锐矛单机,10.5,0.0717,0.0152,0.0053,0.0252,1.5688
C1 锐矛单机,11.0,0.0784,0.0172,0.0053,0.0252,1.6435
C1 锐矛单机,11.5,0.0853,0.0193,0.0053,0.0252,1.7114
C1 锐矛单机,12.0,0.0925,0.0216,0.0053,0.0252,1.7724
C1 锐矛单机,12.5,0.0999,0.0241,0.0053,0.0252,1.8264
C1 锐矛单机,13.0,0.1075,0.0269,0.0053,0.0252,1.8736
C1 锐矛单机,13.5,0.1154,0.0298,0.0053,0.0252,1.9140
C1 锐矛单机,14.0,0.1236,0.0329,0.0053,0.0252,1.9479
C1 锐矛单机,14.5,0.1319,0.0363,0.0053,0.0252,1.9757
C1 锐矛单机,15.0,0.1405,0.0398,0.0053,0.0252,1.9976
C1 锐矛单机,15.5,0.1493,0.0436,0.0053,0.0252,2.0142
C1 锐矛单机,16.0,0.1584,0.0476,0.0053,0.0252,2.0258
C1 锐矛单机,16.5,0.1676,0.0519,0.0053,0.0252,2.0328
C1 锐矛单机,17.0,0.1770,0.0564,0.0053,0.0252,2.0358
C1 锐矛单机,17.5,0.1866,0.0612,0.0053,0.0252,2.0349
C1 锐矛单机,18.0,0.1964,0.0662,0.0053,0.0252,2.0308
C1 锐矛单机,18.5,0.2064,0.0715,0.0053,0.0252,2.0236
C1 锐矛单机,19.0,0.2165,0.0770,0.0053,0.0252,2.0137
C1 锐矛单机,19.5,0.2268,0.0828,0.0053,0.0252,2.0015
C1 锐矛单机,20.0,0.2373,0.0889,0.0053,0.0252,1.9873
A′ 捆绑滑翔,0.0,0.0000,0.0007,0.0110,0.0252,0.0000
A′ 捆绑滑翔,0.5,0.0004,0.0007,0.0110,0.0252,0.0103
A′ 捆绑滑翔,1.0,0.0014,0.0007,0.0110,0.0252,0.0372
A′ 捆绑滑翔,1.5,0.0030,0.0008,0.0110,0.0252,0.0805
A′ 捆绑滑翔,2.0,0.0052,0.0009,0.0110,0.0252,0.1400
A′ 捆绑滑翔,2.5,0.0080,0.0010,0.0110,0.0252,0.2151
A′ 捆绑滑翔,3.0,0.0115,0.0013,0.0110,0.0252,0.3051
A′ 捆绑滑翔,3.5,0.0155,0.0017,0.0110,0.0252,0.4087
A′ 捆绑滑翔,4.0,0.0201,0.0021,0.0110,0.0252,0.5246
A′ 捆绑滑翔,4.5,0.0254,0.0027,0.0110,0.0252,0.6510
A′ 捆绑滑翔,5.0,0.0312,0.0035,0.0110,0.0252,0.7858
A′ 捆绑滑翔,5.5,0.0376,0.0044,0.0110,0.0252,0.9266
A′ 捆绑滑翔,6.0,0.0446,0.0054,0.0110,0.0252,1.0709
A′ 捆绑滑翔,6.5,0.0522,0.0067,0.0110,0.0252,1.2162
A′ 捆绑滑翔,7.0,0.0604,0.0082,0.0110,0.0252,1.3598
A′ 捆绑滑翔,7.5,0.0692,0.0099,0.0110,0.0252,1.4994
A′ 捆绑滑翔,8.0,0.0785,0.0118,0.0110,0.0252,1.6329
A′ 捆绑滑翔,8.5,0.0883,0.0140,0.0110,0.0252,1.7583
A′ 捆绑滑翔,9.0,0.0987,0.0164,0.0110,0.0252,1.8743
A′ 捆绑滑翔,9.5,0.1097,0.0192,0.0110,0.0252,1.9797
A′ 捆绑滑翔,10.0,0.1212,0.0222,0.0110,0.0252,2.0739
A′ 捆绑滑翔,10.5,0.1332,0.0255,0.0110,0.0252,2.1566
A′ 捆绑滑翔,11.0,0.1457,0.0292,0.0110,0.0252,2.2278
A′ 捆绑滑翔,11.5,0.1588,0.0331,0.0110,0.0252,2.2877
A′ 捆绑滑翔,12.0,0.1723,0.0375,0.0110,0.0252,2.3367
A′ 捆绑滑翔,12.5,0.1863,0.0422,0.0110,0.0252,2.3756
A′ 捆绑滑翔,13.0,0.2008,0.0472,0.0110,0.0252,2.4049
A′ 捆绑滑翔,13.5,0.2157,0.0527,0.0110,0.0252,2.4256
A′ 捆绑滑翔,14.0,0.2311,0.0585,0.0110,0.0252,2.4384
A′ 捆绑滑翔,14.5,0.2470,0.0648,0.0110,0.0252,2.4442
A′ 捆绑滑翔,15.0,0.2632,0.0715,0.0110,0.0252,2.4437
A′ 捆绑滑翔,15.5,0.2799,0.0786,0.0110,0.0252,2.4377
A′ 捆绑滑翔,16.0,0.2970,0.0861,0.0110,0.0252,2.4269
A′ 捆绑滑翔,16.5,0.3145,0.0941,0.0110,0.0252,2.4119
A′ 捆绑滑翔,17.0,0.3323,0.1026,0.0110,0.0252,2.3934
A′ 捆绑滑翔,17.5,0.3506,0.1115,0.0110,0.0252,2.3720
A′ 捆绑滑翔,18.0,0.3691,0.1210,0.0110,0.0252,2.3479
A′ 捆绑滑翔,18.5,0.3880,0.1309,0.0110,0.0252,2.3218
A′ 捆绑滑翔,19.0,0.4072,0.1413,0.0110,0.0252,2.2939
A′ 捆绑滑翔,19.5,0.4268,0.1522,0.0110,0.0252,2.2646
A′ 捆绑滑翔,20.0,0.4466,0.1636,0.0110,0.0252,2.2343
